District,Year,Transactions,Average_Price,Median_Price,Min_Price,Max_Price,Price_STD,Average_Price_Growth,Median_Price_Growth,Target_Average_Price_Growth,Target_Median_Price_Growth,Code,Population
BARKING AND DAGENHAM,2018,2404,371419.1460066556,306750.0,100,20495000,909784.7892031868,,,0.0597902837687027,0.0105949470252648,E09000002,216298.0
BARKING AND DAGENHAM,2019,2146,393626.4021435228,310000.0,100,23160000,1059141.1727985735,0.0597902837687027,0.0105949470252648,0.189851516339804,0.032258064516129,E09000002,218828.0
BARKING AND DAGENHAM,2020,1717,468356.9714618521,320000.0,100,41750000,1792651.5301991275,0.189851516339804,0.032258064516129,-0.0998884837162766,0.046875,E09000002,219227.0
BARKING AND DAGENHAM,2021,2537,421573.5037445802,335000.0,100,50920000,1783340.8034750714,-0.0998884837162766,0.046875,0.1926169071011558,0.1044776119402985,E09000002,218714.0
BARKING AND DAGENHAM,2022,2110,502775.6881516588,370000.0,100,98800000,2466056.3285369724,0.1926169071011558,0.1044776119402985,-0.1293641267706681,0.0108108108108107,E09000002,220039.0
BARKING AND DAGENHAM,2023,1710,437734.5502923977,374000.0,100,33865422,1072858.429981758,-0.1293641267706681,0.0108108108108107,-0.0707443093373556,-0.0374331550802139,,
BARKING AND DAGENHAM,2024,1743,406767.321858864,360000.0,1000,13800000,627297.0606728107,-0.0707443093373556,-0.0374331550802139,-0.019078328503353,0.0555555555555555,,
BARKING AND DAGENHAM,2025,1735,399006.8812680115,380000.0,5000,15575000,520278.9610247253,-0.019078328503353,0.0555555555555555,,,,
BARNET,2018,4837,731702.9598924953,495000.0,100,67586207,2038317.496966272,,,-0.0625920343220675,0.0101010101010101,E09000003,387574.0
BARNET,2019,4773,685904.1831133459,500000.0,100,75450176,1654519.5586377953,-0.0625920343220675,0.0101010101010101,0.0485967146296673,0.06,E09000003,390590.0
BARNET,2020,4235,719236.8729634002,530000.0,100,51100000,1451075.0789848615,0.0485967146296673,0.06,0.0484335358729752,0.0471698113207548,E09000003,391046.0
BARNET,2021,6292,754072.0578512397,555000.0,100,55000000,1368702.454946712,0.0484335358729752,0.0471698113207548,0.0215504995708195,0.0144144144144144,E09000003,388955.0
BARNET,2022,5576,770322.6874103299,563000.0,100,35100000,1108924.3109674174,0.0215504995708195,0.0144144144144144,0.0364602190620269,-0.0408525754884546,E09000003,390346.0
BARNET,2023,4114,798408.8213417599,540000.0,100,99000000,2035751.3333252773,0.0364602190620269,-0.0408525754884546,-0.0251151181175941,0.0046296296296295,,
BARNET,2024,4528,778356.6894876325,542500.0,500,37934103,1330208.3784543036,-0.0251151181175941,0.0046296296296295,-0.0832370888469458,0.0107834101382489,,
BARNET,2025,4420,713568.5445701358,548350.0,333,17560000,782739.337195214,-0.0832370888469458,0.0107834101382489,,,,
BEXLEY,2018,3477,392215.6545872879,343000.0,100,24590000,624483.3026750754,,,0.0393336188327635,0.0204081632653061,E09000004,245244.0
BEXLEY,2019,3426,407642.9156450671,350000.0,100,61266233,1178903.325760443,0.0393336188327635,0.0204081632653061,0.0578880084635955,0.0428571428571429,E09000004,246622.0
BEXLEY,2020,3142,431240.5521960535,365000.0,100,20000000,828971.3442477378,0.0578880084635955,0.0428571428571429,0.1307256685325766,0.0335547945205478,E09000004,246924.0
BEXLEY,2021,4666,487614.76168024,377247.5,100,92350000,2545958.8883774923,0.1307256685325766,0.0335547945205478,-0.0114574357268384,0.0735657625299042,E09000004,246637.0
BEXLEY,2022,3841,482027.94688883104,405000.0,500,60600000,1421691.0002911584,-0.0114574357268384,0.0735657625299042,-0.0981325384020774,-0.0123456790123457,E09000004,247754.0
BEXLEY,2023,2864,434725.32087988826,400000.0,300,12130536,413192.2896284002,-0.0981325384020774,-0.0123456790123457,0.0247783127031799,0.0375,,
BEXLEY,2024,3217,445497.0808206404,415000.0,750,15100000,503592.2481617819,0.0247783127031799,0.0375,0.0355621663868956,0.0120481927710842,,
BEXLEY,2025,3262,461339.9221336604,420000.0,1501,36900000,779828.3140535693,0.0355621663868956,0.0120481927710842,,,,
BRENT,2018,2789,696234.9279311581,470000.0,1000,65674000,1965922.0014802625,,,0.137642253950869,-0.0212765957446808,E09000005,345558.0
BRENT,2019,2501,792066.2726909237,460000.0,500,132000000,3676131.901581192,0.137642253950869,-0.0212765957446808,0.1007328763806298,0.0494565217391305,E09000005,347424.0
BRENT,2020,2452,871853.3866231648,482750.0,500,157100000,4230632.297875845,0.1007328763806298,0.0494565217391305,-0.0858431766640787,0.0357327809425167,E09000005,343988.0
BRENT,2021,3605,797010.7223300971,500000.0,500,130500000,3221352.021145473,-0.0858431766640787,0.0357327809425167,0.154878342061937,0.0587200000000001,E09000005,339248.0
BRENT,2022,3304,920450.4216101696,529360.0,100,243970000,5762482.125682217,0.154878342061937,0.0587200000000001,-0.2031913596983312,-0.0082363608886202,E09000005,341183.0
BRENT,2023,2290,733422.8489082969,525000.0,1000,71000000,2042850.9907830956,-0.2031913596983312,-0.0082363608886202,-0.0376048604331227,0.0,,
BRENT,2024,2593,705842.5850366371,525000.0,333,40000000,1280785.6403736367,-0.0376048604331227,0.0,-0.054087285749469,-0.0095238095238094,,
BRENT,2025,2749,667665.4754456166,520000.0,300,50237300,1292617.240376803,-0.054087285749469,-0.0095238095238094,,,,
BROMLEY,2018,5365,533233.0130475303,427000.0,500,46100000,1207424.8091928656,,,-0.0398187442605214,-0.0046838407494145,E09000006,330367.0
BROMLEY,2019,5278,512000.3440697234,425000.0,100,46233893,1010468.4126431796,-0.0398187442605214,-0.0046838407494145,0.0552961709835866,0.0752941176470587,E09000006,331192.0
BROMLEY,2020,4926,540312.002639058,457000.0,1,21000000,591011.2754195895,0.0552961709835866,0.0752941176470587,0.0601053228308048,0.0339168490153172,E09000006,331247.0
BROMLEY,2021,6943,572787.6299870373,472500.0,200,24192000,680551.4282403467,0.0601053228308048,0.0339168490153172,0.0357446695167922,0.0476190476190476,E09000006,329899.0
BROMLEY,2022,5654,593261.7345242306,495000.0,1000,17607373,560060.5912426445,0.0357446695167922,0.0476190476190476,0.0155720945540516,-0.0181818181818181,E09000006,329689.0
BROMLEY,2023,4154,602500.0623495426,486000.0,100,77190000,1312045.7755931178,0.0155720945540516,-0.0181818181818181,-0.033472009098031,-0.0072016460905349,,
BROMLEY,2024,4909,582333.1747810144,482500.0,500,13200000,523457.14205066336,-0.033472009098031,-0.0072016460905349,0.035615972561847,0.0466321243523315,,
BROMLEY,2025,4831,603073.5371558684,505000.0,800,26000000,721411.1921114088,0.035615972561847,0.0466321243523315,,,,
CAMDEN,2018,2487,1877425.6365098516,775000.0,100,302000000,8827213.793046396,,,0.1922540201264022,-0.0193548387096774,E09000007,217915.0
CAMDEN,2019,2239,2238368.26261724,760000.0,100,542540820,13819486.546330975,0.1922540201264022,-0.0193548387096774,-0.2073635142206789,0.0068749999999999,E09000007,217136.0
CAMDEN,2020,2373,1774212.353560893,765225.0,101,286000000,8690929.537707,-0.2073635142206789,0.0068749999999999,-0.0838414753298348,0.0219216570289784,E09000007,214768.0
CAMDEN,2021,3118,1625459.7722899294,782000.0,243,180000000,5984291.679844124,-0.0838414753298348,0.0219216570289784,0.008696589746822,0.0313209718670077,E09000007,210968.0
CAMDEN,2022,2868,1639595.729079498,806493.0,500,429000000,8935962.268372854,0.008696589746822,0.0313209718670077,-0.0982777955685602,-0.0251000318663646,E09000007,217365.0
CAMDEN,2023,2476,1478459.875201939,786250.0,4000,75000000,3495680.1289659343,-0.0982777955685602,-0.0251000318663646,-0.0423239885967656,0.0079491255961843,,
CAMDEN,2024,2824,1415885.5563031165,792500.0,330,101000000,3442459.379747848,-0.0423239885967656,0.0079491255961843,-0.03995060134666,-0.0536277602523659,,
CAMDEN,2025,2380,1359320.0768907564,750000.0,333,53000000,2674746.5050211456,-0.03995060134666,-0.0536277602523659,,,,
CITY OF LONDON,2018,523,4905094.541108986,920000.0,3076,141063596,16542575.317605056,,,1.9570832130124745,0.0326086956521738,E09000001,8165.0
CITY OF LONDON,2019,299,14504772.725752508,950000.0,2500,411500000,49291210.68275438,1.9570832130124745,0.0326086956521738,-0.8100057729588243,-0.0952631578947368,E09000001,8765.0
CITY OF LONDON,2020,279,2755823.082437276,859500.0,1000,121254435,9922983.320729887,-0.8100057729588243,-0.0952631578947368,0.4476241780631214,-0.0226876090750436,E09000001,8331.0
CITY OF LONDON,2021,313,3989396.124600639,840000.0,7000,130500000,14426451.030765776,0.4476241780631214,-0.0226876090750436,-0.0731405426009402,0.1696428571428572,E09000001,8689.0
CITY OF LONDON,2022,292,3697609.52739726,982500.0,1500,191200000,13350097.839071603,-0.0731405426009402,0.1696428571428572,0.4821234712889317,-0.03135368956743,E09000001,11457.0
CITY OF LONDON,2023,258,5480313.868217054,951695.0,30000,149717670,17387667.63882862,0.4821234712889317,-0.03135368956743,-0.3746992878309797,-0.0306768449976094,,
CITY OF LONDON,2024,340,3426844.1647058823,922500.0,5000,106198668,9266744.851146856,-0.3746992878309797,-0.0306768449976094,-0.2703381619982966,-0.0840108401084011,,
CITY OF LONDON,2025,221,2500437.411764706,845000.0,30000,109500000,9195313.199178642,-0.2703381619982966,-0.0840108401084011,,,,
CITY OF WESTMINSTER,2018,3346,3484257.4814704126,975000.0,100,569200000,15920887.8903889,,,-0.1768925621881995,-0.016,E09000033,209868.0
CITY OF WESTMINSTER,2019,3428,2867918.248249708,959400.0,100,165500000,9394284.648456622,-0.1768925621881995,-0.016,0.1020651932105909,-0.0097977902855951,E09000033,208415.0
CITY OF WESTMINSTER,2020,3042,3160632.878369494,950000.0,100,366180000,13043725.455399698,0.1020651932105909,-0.0097977902855951,-0.1040053573573966,-0.0157894736842105,E09000033,205624.0
CITY OF WESTMINSTER,2021,3988,2831910.1263791374,935000.0,300,156500000,9924549.411851851,-0.1040053573573966,-0.0157894736842105,0.0440056047578305,0.1433155080213903,E09000033,205759.0
CITY OF WESTMINSTER,2022,3990,2956530.044110276,1069000.0,100,281206774,9519204.207912603,0.0440056047578305,0.1433155080213903,0.0506194624361808,0.0757717492984098,E09000033,209866.0
CITY OF WESTMINSTER,2023,3559,3106188.005619556,1150000.0,2500,267500000,10161512.086884275,0.0506194624361808,0.0757717492984098,-0.0555105209716546,-0.1521739130434782,,
CITY OF WESTMINSTER,2024,3474,2933761.89119171,975000.0,800,162000000,7938502.318835928,-0.0555105209716546,-0.1521739130434782,-0.1503682532276264,-0.1025641025641025,,
CITY OF WESTMINSTER,2025,2814,2492617.2402274343,875000.0,100,793020000,16502152.370349592,-0.1503682532276264,-0.1025641025641025,,,,
CROYDON,2018,5427,467680.6040169523,367000.0,100,44200331,1052915.8468107565,,,0.014460122123143,0.0217983651226159,E09000008,386999.0
CROYDON,2019,5312,474443.3226656627,375000.0,500,50720633,1167767.559542725,0.014460122123143,0.0217983651226159,-0.0041030754585723,0.04,E09000008,390643.0
CROYDON,2020,4770,472496.6459119497,390000.0,100,47350000,924094.7680161044,-0.0041030754585723,0.04,0.0236495834411738,0.0256410256410255,E09000008,392101.0
CROYDON,2021,7259,483670.9947651192,400000.0,100,52200000,1038116.6591023444,0.0236495834411738,0.0256410256410255,0.1070514785758758,0.0212499999999999,E09000008,390691.0
CROYDON,2022,5940,535448.6898989899,408500.0,200,74100000,1655269.7817220518,0.1070514785758758,0.0212499999999999,0.0638138266622019,-0.033047735618115,E09000008,392610.0
CROYDON,2023,4418,569617.7197827072,395000.0,100,201146664,3642076.1479955176,0.0638138266622019,-0.033047735618115,-0.1533493353574481,0.0126582278481013,,
CROYDON,2024,4913,482267.2210462039,400000.0,100,67625000,1100569.8601317245,-0.1533493353574481,0.0126582278481013,0.0069243845604445,0.0249999999999999,,
CROYDON,2025,4914,485606.6247456247,410000.0,900,21937500,661069.2925547638,0.0069243845604445,0.0249999999999999,,,,
EALING,2018,3639,641551.5408079142,455000.0,500,76000000,1712019.5331886131,,,0.0289868687896388,-0.0021978021978021,E09000009,364208.0
EALING,2019,3473,660148.1111431039,454000.0,301,70150000,1905664.7588081588,0.0289868687896388,-0.0021978021978021,0.1159663226930634,0.0682819383259911,E09000009,367284.0
EALING,2020,3182,736703.0600251415,485000.0,280,166180000,3230883.533724081,0.1159663226930634,0.0682819383259911,-0.1174218022526031,0.0,E09000009,367936.0
EALING,2021,5238,650198.0589919817,485000.0,500,42000000,1149543.5833365056,-0.1174218022526031,0.0,0.1205465355705983,0.0721649484536082,E09000009,366762.0
EALING,2022,4692,728577.1824381927,520000.0,250,117350000,2343896.6638951884,0.1205465355705983,0.0721649484536082,-0.0181261984413718,-0.0384615384615384,E09000009,370129.0
EALING,2023,3720,715370.8478494624,500000.0,1000,110000000,2649561.9028795552,-0.0181261984413718,-0.0384615384615384,-0.0428970197166023,0.0,,
EALING,2024,4086,684683.5704845815,500000.0,500,37220000,1146919.4670377069,-0.0428970197166023,0.0,-0.0212647466557323,0.02,,
EALING,2025,3622,670123.9478188846,510000.0,2500,43150000,1097030.838701299,-0.0212647466557323,0.02,,,,
ENFIELD,2018,3171,549367.160517187,385000.0,100,72000000,1929130.617272082,,,-0.0281369646982697,0.0,E09000010,334000.0
ENFIELD,2019,3295,533909.6361153262,385000.0,100,51490000,1643176.7938788072,-0.0281369646982697,0.0,0.0346910900091743,0.0389480519480518,E09000010,335151.0
ENFIELD,2020,2906,552431.5433585685,399995.0,100,67000000,1672520.832872877,0.0346910900091743,0.0389480519480518,0.0020576282244162,0.0625132814160176,E09000010,333149.0
ENFIELD,2021,4775,553568.2420942408,425000.0,100,87250000,1549900.400575507,0.0020576282244162,0.0625132814160176,0.0258913050521203,0.0329411764705882,E09000010,329876.0
ENFIELD,2022,3761,567900.8463174688,439000.0,1000,35881815,841209.200345715,0.0258913050521203,0.0329411764705882,0.1275934066010713,0.0022779043280183,E09000010,327426.0
ENFIELD,2023,2801,640361.2499107461,440000.0,1000,79300000,2257776.314442366,0.1275934066010713,0.0022779043280183,-0.1190632488263939,0.0153409090909091,,
ENFIELD,2024,3196,564117.7590738423,446750.0,100,27286475,891164.5399617634,-0.1190632488263939,0.0153409090909091,-0.0528053497708926,0.0072747621712367,,
ENFIELD,2025,3320,534329.3234939759,450000.0,100,22350000,562920.2107992201,-0.0528053497708926,0.0072747621712367,,,,
GREENWICH,2018,4021,522685.9079830888,423000.0,500,58000000,1330942.8689360025,,,-0.0345734115768898,0.0283687943262411,E09000011,285773.0
GREENWICH,2019,4046,504614.8729609491,435000.0,500,17040705,535364.569718311,-0.0345734115768898,0.0283687943262411,0.2460889950474438,0.0344827586206897,E09000011,288205.0
GREENWICH,2020,3631,628795.0399339026,450000.0,100,400000000,6668072.175419761,0.2460889950474438,0.0344827586206897,-0.1492731939134836,-0.0333333333333333,E09000011,288384.0
GREENWICH,2021,4657,534932.7960060125,435000.0,1000,45255980,1007487.0058878872,-0.1492731939134836,-0.0333333333333333,0.1253330772238516,0.0804597701149425,E09000011,289537.0
GREENWICH,2022,3946,601977.569437405,470000.0,100,49300000,1530432.2555466115,0.1253330772238516,0.0804597701149425,-0.1108417171681468,-0.074468085106383,E09000011,291879.0
GREENWICH,2023,2942,535253.3419442556,435000.0,100,29000000,866248.840187978,-0.1108417171681468,-0.074468085106383,0.0621121085709428,0.0344827586206897,,
GREENWICH,2024,3631,568499.0556320573,450000.0,1000,34395912,1110806.498474357,0.0621121085709428,0.0344827586206897,-0.0573213358301483,0.0,,
GREENWICH,2025,3101,535911.93034505,450000.0,100,24284000,762114.6167941946,-0.0573213358301483,0.0,,,,
HACKNEY,2018,2698,761566.7946627131,540000.0,700,92500000,2181869.5182322958,,,0.1506492026464327,0.1111111111111111,E09000012,266210.0
HACKNEY,2019,3075,876296.2250406505,600000.0,500,120000000,3225324.2586110765,0.1506492026464327,0.1111111111111111,-0.0399783947846288,0.0,E09000012,265825.0
HACKNEY,2020,2521,841263.3086076954,600000.0,100,87470826,3084733.4744831678,-0.0399783947846288,0.0,-0.1067064162487585,-0.06,E09000012,263782.0
HACKNEY,2021,4196,751495.1158245949,564000.0,100,49900000,1443380.297119327,-0.1067064162487585,-0.06,0.1392892700339369,0.0496453900709219,E09000012,260082.0
HACKNEY,2022,3131,856170.3219418717,592000.0,1000,153450000,3317649.5177759985,0.1392892700339369,0.0496453900709219,-0.1241295526035037,-0.0088682432432432,E09000012,261632.0
HACKNEY,2023,2460,749894.2829268293,586750.0,500,28779459,843753.6110132699,-0.1241295526035037,-0.0088682432432432,0.0260728313996683,-0.0115040477204942,,
HACKNEY,2024,3004,769446.1501331558,580000.0,500,69913832,1642347.6004893656,0.0260728313996683,-0.0115040477204942,-0.0635471433830887,-0.0258620689655172,,
HACKNEY,2025,2737,720550.0453050785,565000.0,1000,18761466,693676.3133423303,-0.0635471433830887,-0.0258620689655172,,,,
HAMMERSMITH AND FULHAM,2018,2741,1176597.2152499089,750000.0,500,159477751,4310110.649450976,,,0.3339130315547292,-0.0666666666666666,E09000013,189037.0
HAMMERSMITH AND FULHAM,2019,2442,1569478.3583128585,700000.0,100,315000000,12837152.72447068,0.3339130315547292,-0.0666666666666666,-0.319518006858547,0.0925,E09000013,188562.0
HAMMERSMITH AND FULHAM,2020,2553,1068001.7614571094,764750.0,1000,109000000,3092189.474356718,-0.319518006858547,0.0925,-0.0420596799654771,-0.0230140568813337,E09000013,186555.0
HAMMERSMITH AND FULHAM,2021,3364,1023081.9491676576,747150.0,450,54488984,1665966.7439404794,-0.0420596799654771,-0.0230140568813337,0.0625413820292992,-0.0229538914541925,E09000013,183310.0
HAMMERSMITH AND FULHAM,2022,2952,1087066.908197832,730000.0,1000,81000000,2318020.2675536093,0.0625413820292992,-0.0229538914541925,-0.039165918556404,0.1232876712328767,E09000013,185506.0
HAMMERSMITH AND FULHAM,2023,2903,1044490.9342059938,820000.0,1000,18398859,1071546.7917093742,-0.039165918556404,0.1232876712328767,0.0761650189760934,-0.024390243902439,,
HAMMERSMITH AND FULHAM,2024,2985,1124044.6060301508,800000.0,1000,32150000,1460198.7958747584,0.0761650189760934,-0.024390243902439,-0.1198915633208084,-0.14375,,
HAMMERSMITH AND FULHAM,2025,2575,989281.1409708738,685000.0,500,38370000,1333231.7073150051,-0.1198915633208084,-0.14375,,,,
HARINGEY,2018,2654,677199.5764883196,496900.0,100,41500000,1207079.096216943,,,0.0901308805664962,0.0061380559468706,E09000014,274240.0
HARINGEY,2019,2561,738236.1706364701,499950.0,100,37000000,1744139.2120026753,0.0901308805664962,0.0061380559468706,-0.0156095720037672,0.000100010001,E09000014,273716.0
HARINGEY,2020,2413,726712.6199751347,500000.0,100,51471234,1565300.200046839,-0.0156095720037672,0.000100010001,-0.0298890195991524,0.05,E09000014,269534.0
HARINGEY,2021,3953,704991.8922337465,525000.0,100,21500000,893191.0260293289,-0.0298890195991524,0.05,0.0720766708000204,0.0476190476190476,E09000014,264317.0
HARINGEY,2022,3390,755805.3607669617,550000.0,500,15000000,957190.2490125314,0.0720766708000204,0.0476190476190476,0.0043904595796822,-0.0363636363636363,E09000014,262413.0
HARINGEY,2023,2915,759123.6936535162,530000.0,100,134500000,2608376.252864183,0.0043904595796822,-0.0363636363636363,-0.0793008316585773,0.009433962264151,,
HARINGEY,2024,2855,698924.5534150613,535000.0,100,11345000,658285.6577814879,-0.0793008316585773,0.009433962264151,0.0740303720361041,0.0280373831775699,,
HARINGEY,2025,2887,750666.1981295462,550000.0,1100,58901000,1363165.2448996245,0.0740303720361041,0.0280373831775699,,,,
HARROW,2018,2689,525334.4808478989,460000.0,1000,16875000,633539.0959850355,,,0.0158075996950384,-0.0434782608695651,E09000015,259861.0
HARROW,2019,3021,533638.7580271433,440000.0,500,53016900,1329077.5848975845,0.0158075996950384,-0.0434782608695651,0.012193497589845,0.0454545454545454,E09000015,262065.0
HARROW,2020,2476,540145.6809369952,460000.0,500,35730000,885983.091468963,0.012193497589845,0.0454545454545454,0.1843047475128385,0.0943478260869565,E09000015,262281.0
HARROW,2021,3288,639697.0942822384,503400.0,750,75250000,1819621.2686489343,0.1843047475128385,0.0943478260869565,-0.092057075472509,0.004171632896305,E09000015,261159.0
HARROW,2022,2692,580808.4505943536,505500.0,1700,24336000,636201.5590139497,-0.092057075472509,0.004171632896305,-0.0119363339359768,-0.0108803165182986,E09000015,261933.0
HARROW,2023,2139,573875.7269752221,500000.0,2500,12525200,488677.5837433913,-0.0119363339359768,-0.0108803165182986,0.0298664663650713,0.02,,
HARROW,2024,2381,591015.3670726585,510000.0,100,31000000,873074.6557799844,0.0298664663650713,0.02,-0.0243057536882868,0.0196078431372548,,
HARROW,2025,2214,576650.2931345981,520000.0,750,36444562,828434.08605195,-0.0243057536882868,0.0196078431372548,,,,
HAVERING,2018,3924,428509.4905708461,355000.0,100,42970657,910160.0143538244,,,-0.018120175668113,0.0140845070422535,E09000016,259229.0
HAVERING,2019,3764,420744.8233262487,360000.0,100,29583337,645845.3977916553,-0.018120175668113,0.0140845070422535,0.0245483912446971,0.05,E09000016,261296.0
HAVERING,2020,3515,431073.4318634424,378000.0,500,22800000,582003.4923449391,0.0245483912446971,0.05,0.0435082933112516,0.0462962962962962,E09000016,261906.0
HAVERING,2021,5699,449828.7011756449,395500.0,500,70500000,1060571.0430167287,0.0435082933112516,0.0462962962962962,0.1902316138178048,0.0872313527180783,E09000016,262086.0
HAVERING,2022,4162,535400.3409418549,430000.0,750,160283075,2816374.129442324,0.1902316138178048,0.0872313527180783,-0.1279734987895343,-0.0116279069767442,E09000016,264675.0
HAVERING,2023,3321,466883.2860584161,425000.0,100,14415517,467810.7993741512,-0.1279734987895343,-0.0116279069767442,0.0039212129643504,0.0094117647058824,,
HAVERING,2024,3730,468714.0348525469,429000.0,500,11500000,390497.07804949314,0.0039212129643504,0.0094117647058824,0.033766964987546,0.0372960372960373,,
HAVERING,2025,3683,484541.0852565843,445000.0,100,26850000,522963.923230507,0.033766964987546,0.0372960372960373,,,,
HILLINGDON,2018,3685,612101.2933514247,405000.0,100,96708651,2834082.089380223,,,-0.1124793351992839,0.0,E09000017,302263.0
HILLINGDON,2019,3782,543252.5468006346,405000.0,1000,82574870,1930573.795858225,-0.1124793351992839,0.0,0.0189265193363741,0.0493827160493827,E09000017,305641.0
HILLINGDON,2020,3094,553534.4266321913,425000.0,1000,40500000,1511620.6447695,0.0189265193363741,0.0493827160493827,0.074612592092184,0.0423529411764704,E09000017,306460.0
HILLINGDON,2021,4845,594835.0650154799,443000.0,100,102000000,2241176.2069694977,0.074612592092184,0.0423529411764704,0.222887679144105,0.0270880361173815,E09000017,305107.0
HILLINGDON,2022,3929,727416.472130313,455000.0,100,143650000,3617928.9286327735,0.222887679144105,0.0270880361173815,-0.1316205431933628,0.0109890109890109,E09000017,310894.0
HILLINGDON,2023,3104,631673.5209407216,460000.0,980,77500000,2213713.2938110074,-0.1316205431933628,0.0109890109890109,-0.0381056150421889,0.0434782608695651,,
HILLINGDON,2024,3189,607603.2129194104,480000.0,500,67400000,1845097.1132069563,-0.0381056150421889,0.0434782608695651,-0.0325698696807063,0.0208333333333332,,
HILLINGDON,2025,3271,587813.6554570468,490000.0,1000,57410000,1353615.3448386218,-0.0325698696807063,0.0208333333333332,,,,
HOUNSLOW,2018,2943,618436.7271491676,405000.0,100,38400000,1544616.0845960097,,,-0.0535634742066576,-0.0123456790123457,E09000018,285430.0
HOUNSLOW,2019,2652,585311.1074660633,400000.0,100,37379282,1590001.1553637255,-0.0535634742066576,-0.0123456790123457,0.1626475633094541,0.06875,E09000018,289652.0
HOUNSLOW,2020,2464,680510.5328733766,427500.0,1000,71327000,2037600.143229741,0.1626475633094541,0.06875,0.0587048803258327,0.0292397660818712,E09000018,289773.0
HOUNSLOW,2021,3539,720459.8222661769,440000.0,1000,116228259,3535710.5800443813,0.0587048803258327,0.0292397660818712,-0.0198984055991539,0.0340909090909091,E09000018,288164.0
HOUNSLOW,2022,3209,706123.8205048302,455000.0,1000,170550000,3297077.873195961,-0.0198984055991539,0.0340909090909091,-0.0171586001194304,0.0,E09000018,291199.0
HOUNSLOW,2023,2513,694007.7242339833,455000.0,1000,53047600,1752742.1108478862,-0.0171586001194304,0.0,0.0114338638688173,0.0285714285714284,,
HOUNSLOW,2024,2735,701942.9140767824,468000.0,1000,60000000,2068157.095123439,0.0114338638688173,0.0285714285714284,-0.0548909825351019,0.0149572649572649,,
HOUNSLOW,2025,2518,663412.5778395552,475000.0,5966,41845740,1471699.1508667711,-0.0548909825351019,0.0149572649572649,,,,
ISLINGTON,2018,2276,1052853.6818980668,565000.0,500,60500000,3374910.2694236054,,,0.0337551104382412,0.0619469026548673,E09000019,221453.0
ISLINGTON,2019,2361,1088392.874205845,600000.0,100,102657807,3649766.0784684345,0.0337551104382412,0.0619469026548673,0.1488627182825279,0.0666666666666666,E09000019,221994.0
ISLINGTON,2020,2261,1250413.9960194605,640000.0,700,303470000,7705126.606750574,0.1488627182825279,0.0666666666666666,0.0662181850884984,0.0078125,E09000019,221018.0
ISLINGTON,2021,2934,1333214.1414451262,645000.0,500,372600000,8654881.674706839,0.0662181850884984,0.0078125,-0.1800708449322189,0.0077519379844961,E09000019,217050.0
ISLINGTON,2022,2664,1093141.1445195195,650000.0,500,150000000,3500465.8787700543,-0.1800708449322189,0.0077519379844961,-0.0045155978085542,0.0938461538461539,E09000019,219594.0
ISLINGTON,2023,2425,1088204.9587628867,711000.0,200,249500000,5396162.5738814045,-0.0045155978085542,0.0938461538461539,-0.0731265322198033,-0.0646976090014064,,
ISLINGTON,2024,2854,1008628.3037841626,665000.0,1,77350000,2477737.0662562014,-0.0731265322198033,-0.0646976090014064,-0.0741995023755354,-0.0428571428571428,,
ISLINGTON,2025,2244,933788.5855614974,636500.0,10000,44600000,1467791.653525422,-0.0741995023755354,-0.0428571428571428,,,,
KENSINGTON AND CHELSEA,2018,1962,2594560.382772681,1254250.0,100,261500000,7009132.845762257,,,-0.0624814520612599,-0.0432529400039864,E09000020,148471.0
KENSINGTON AND CHELSEA,2019,2126,2432448.4825964253,1200000.0,100,194800000,5640249.567014936,-0.0624814520612599,-0.0432529400039864,-0.0533164562937311,0.0083333333333333,E09000020,146805.0
KENSINGTON AND CHELSEA,2020,1877,2302758.9493873203,1210000.0,1000,55000000,3658953.456211893,-0.0533164562937311,0.0083333333333333,0.0109350927940758,-0.0082644628099173,E09000020,144874.0
KENSINGTON AND CHELSEA,2021,2604,2327939.8321812595,1200000.0,1000,40500000,3653505.513166116,0.0109350927940758,-0.0082644628099173,0.1834750785272216,0.1281475,E09000020,144266.0
KENSINGTON AND CHELSEA,2022,2617,2755058.7756973635,1353777.0,100,186000000,6327625.27586015,0.1834750785272216,0.1281475,-0.0543799560862983,-0.0785040667702288,E09000020,146392.0
KENSINGTON AND CHELSEA,2023,2175,2605238.80045977,1247500.0,100,163265000,5928751.574177393,-0.0543799560862983,-0.0785040667702288,-0.1299377205122878,-0.0380761523046092,,
KENSINGTON AND CHELSEA,2024,2356,2266720.0093378606,1200000.0,1000,60000000,3750696.37968892,-0.1299377205122878,-0.0380761523046092,-0.089881218713714,-0.0833333333333333,,
KENSINGTON AND CHELSEA,2025,2049,2062984.4524158123,1100000.0,1100,46200000,3440449.7760363384,-0.089881218713714,-0.0833333333333333,,,,
KINGSTON UPON THAMES,2018,2420,666817.3318181818,479063.0,1000,83874359,1990098.8680614892,,,-0.0937964076904035,-0.0189181798636087,E09000021,168729.0
KINGSTON UPON THAMES,2019,2520,604272.2615079365,470000.0,600,9635410,710711.3139440214,-0.0937964076904035,-0.0189181798636087,0.1398419056961106,0.0638297872340425,E09000021,169797.0
KINGSTON UPON THAMES,2020,2060,688774.8461165049,500000.0,1000,67943028,1696839.4294028122,0.1398419056961106,0.0638297872340425,-0.078820841455097,0.008,E09000021,169770.0
KINGSTON UPON THAMES,2021,3316,634485.033172497,504000.0,100,15620000,626386.3490652047,-0.078820841455097,0.008,0.1210707371579693,0.0515873015873016,E09000021,167992.0
KINGSTON UPON THAMES,2022,2802,711302.6038543897,530000.0,1500,45652323,1319549.192148889,0.1210707371579693,0.0515873015873016,0.0074317220845323,0.0566037735849056,E09000021,169082.0
KINGSTON UPON THAMES,2023,2302,716588.8071242397,560000.0,100,21250000,847288.3430451795,0.0074317220845323,0.0566037735849056,-0.0468356459472738,-0.0625,,
KINGSTON UPON THAMES,2024,2291,683026.9074639896,525000.0,5000,46631315,1414720.7059835673,-0.0468356459472738,-0.0625,-0.0088593281432325,0.026190476190476,,
KINGSTON UPON THAMES,2025,2206,676975.7479601088,538750.0,1500,18000000,775539.4018647679,-0.0088593281432325,0.026190476190476,,,,
LAMBETH,2018,4092,701222.5369012707,501500.0,100,40000000,1125735.090545097,,,0.0794011428002763,0.0568295114656032,E09000022,328923.0
LAMBETH,2019,4084,756900.4076885406,530000.0,1000,136864000,2759365.831211721,0.0794011428002763,0.0568295114656032,0.0771271578158134,0.0716981132075471,E09000022,329513.0
LAMBETH,2020,4366,815277.9848831883,568000.0,100,176937500,2937969.105321249,0.0771271578158134,0.0716981132075471,-0.1034451556035839,-0.0316901408450703,E09000022,325527.0
LAMBETH,2021,5648,730941.4268767706,550000.0,500,71000000,1491303.4297806665,-0.1034451556035839,-0.0316901408450703,-0.0067895270879227,-0.0181818181818181,E09000022,317691.0
LAMBETH,2022,4782,725978.6802593058,540000.0,100,33400000,1032879.3476978024,-0.0067895270879227,-0.0181818181818181,-0.0681839134102734,0.0001870370370369,E09000022,316700.0
LAMBETH,2023,3879,676478.6127868007,540101.0,100,20655167,717454.1799384006,-0.0681839134102734,0.0001870370370369,0.0803903709065123,-0.0094445298194226,,
LAMBETH,2024,4316,730860.9793790546,535000.0,100,48268839,1462444.7748351437,0.0803903709065123,-0.0094445298194226,-0.0529167878559755,0.0,,
LAMBETH,2025,4220,692186.1639810427,535000.0,1000,27900000,946566.4168465488,-0.0529167878559755,0.0,,,,
LEWISHAM,2018,4064,464958.6156496063,400000.0,500,51307200,899879.1772219605,,,0.1047052014919653,0.0324999999999999,E09000023,303127.0
LEWISHAM,2019,3708,513642.20118662354,413000.0,500,75150000,1547566.034305176,0.1047052014919653,0.0324999999999999,0.0213448173900479,0.0532687651331718,E09000023,305906.0
LEWISHAM,2020,3433,524605.8001747743,435000.0,100,19100000,652803.965030718,0.0213448173900479,0.0532687651331718,0.065383826975613,0.0229885057471264,E09000023,304169.0
LEWISHAM,2021,4794,558906.5350438048,445000.0,1000,99238058,1736427.2634194698,0.065383826975613,0.0229885057471264,0.0701052853176074,0.0224719101123596,E09000023,300013.0
LEWISHAM,2022,4237,598088.8371489261,455000.0,1000,37328842,1333066.4208378915,0.0701052853176074,0.0224719101123596,-0.1335070966806467,-0.0263736263736263,E09000023,299023.0
LEWISHAM,2023,3254,518239.7329440689,443000.0,1000,11750000,403354.24366357655,-0.1335070966806467,-0.0263736263736263,0.0710965475200573,0.0158013544018058,,
LEWISHAM,2024,3607,555084.7887441086,450000.0,500,37000000,902145.9376434926,0.0710965475200573,0.0158013544018058,-0.0142973736539377,0.0,,
LEWISHAM,2025,3606,547148.534109817,450000.0,1000,41710000,792727.1441235048,-0.0142973736539377,0.0,,,,
MERTON,2018,2715,754354.6928176796,462000.0,100,52758000,2102037.1691969163,,,-0.0171897208645358,-0.0097402597402597,E09000024,216171.0
MERTON,2019,2629,741387.546215291,457500.0,1000,139030009,3151607.41304226,-0.0171897208645358,-0.0097402597402597,-0.068637102397147,0.0666666666666666,E09000024,217219.0
MERTON,2020,2447,690500.8532897425,488000.0,100,13177712,800923.4833139185,-0.068637102397147,0.0666666666666666,0.1036827051178843,0.0737704918032786,E09000024,217101.0
MERTON,2021,3944,762093.8496450305,524000.0,1500,71500000,1551951.318448773,0.1036827051178843,0.0737704918032786,0.0757942058500844,0.008587786259542,E09000024,215426.0
MERTON,2022,3262,819856.1477621092,528500.0,200,86075000,2195193.358771971,0.0757942058500844,0.008587786259542,-0.1264519944524502,-0.0198675496688741,E09000024,215121.0
MERTON,2023,2506,716183.7027134877,518000.0,150,20400000,871362.0504967119,-0.1264519944524502,-0.0198675496688741,0.0571889331943578,0.0038610038610038,,
MERTON,2024,2800,757141.4846428571,520000.0,2000,60842500,1651417.16691885,0.0571889331943578,0.0038610038610038,0.0049108654000571,0.0096153846153845,,
MERTON,2025,2630,760859.7045627376,525000.0,1800,29240000,1199108.3627306905,0.0049108654000571,0.0096153846153845,,,,
NEWHAM,2018,4072,519128.4938605108,395070.0,500,55095000,1521941.1344832464,,,0.2995326354157497,0.0377907712557268,E09000025,344570.0
NEWHAM,2019,3464,674624.4197459584,410000.0,100,276570000,5234025.866731487,0.2995326354157497,0.0377907712557268,0.1837514957635433,0.0,E09000025,349786.0
NEWHAM,2020,2802,798587.6659528908,410000.0,500,296280000,6986603.343712691,0.1837514957635433,0.0,-0.2276104033771172,0.0121951219512195,E09000025,350025.0
NEWHAM,2021,3634,616820.8051733627,415000.0,1000,90674931,2956492.4973289017,-0.2276104033771172,0.0121951219512195,0.0391376050494631,0.036144578313253,E09000025,351256.0
NEWHAM,2022,3277,640961.6942325297,430000.0,735,72350000,3075375.222166891,0.0391376050494631,0.036144578313253,-0.1900436405712617,-0.0232558139534884,E09000025,357147.0
NEWHAM,2023,2539,519151.0003938559,420000.0,100,32263263,1291363.3084598454,-0.1900436405712617,-0.0232558139534884,-0.0858710883899369,0.0357142857142858,,
NEWHAM,2024,2670,474570.9389513109,435000.0,1000,18000000,557458.1649907567,-0.0858710883899369,0.0357142857142858,0.030263566260539,0.0229885057471264,,
NEWHAM,2025,2635,488933.14800759015,445000.0,1000,14250000,480387.5768764543,0.030263566260539,0.0229885057471264,,,,
REDBRIDGE,2018,3054,471895.4941060904,416750.0,850,17700000,498248.0838269485,,,-0.0245453623939769,-0.0281943611277744,E09000026,308841.0
REDBRIDGE,2019,3013,460312.6481911716,405000.0,1000,20850000,580158.2069398594,-0.0245453623939769,-0.0281943611277744,0.1186516564243485,0.0814814814814814,E09000026,311780.0
REDBRIDGE,2020,2354,514929.5063721325,438000.0,500,53000000,1157544.7674399267,0.1186516564243485,0.0814814814814814,-0.00634176146891,0.0502283105022831,E09000026,311750.0
REDBRIDGE,2021,3927,511663.9462694168,460000.0,500,21804442,498117.2222475118,-0.00634176146891,0.0502283105022831,0.0446681332768958,0.0434782608695651,E09000026,310130.0
REDBRIDGE,2022,3008,534519.0196143617,480000.0,300,7955469,402025.55294701,0.0446681332768958,0.0434782608695651,0.0284599960537588,-0.0145833333333332,E09000026,311515.0
REDBRIDGE,2023,2465,549731.4288032454,473000.0,1000,23175000,776674.1151801038,0.0284599960537588,-0.0145833333333332,-0.007841651533353,0.0042283298097252,,
REDBRIDGE,2024,2747,545420.6265016381,475000.0,100,12517084,517373.8661663623,-0.007841651533353,0.0042283298097252,0.0035743473250435,0.0315789473684211,,
REDBRIDGE,2025,2834,547370.1492589979,490000.0,1000,10013998,407934.6907139997,0.0035743473250435,0.0315789473684211,,,,
RICHMOND UPON THAMES,2018,2935,847360.6402044293,616000.0,150,44650000,1390764.1807995287,,,0.0110256893993125,0.0064935064935065,E09000027,197119.0
RICHMOND UPON THAMES,2019,2890,856703.375432526,620000.0,500,62050000,1530852.8763061685,0.0110256893993125,0.0064935064935065,0.0545221583534258,0.0483870967741935,E09000027,198185.0
RICHMOND UPON THAMES,2020,2771,903412.6925297726,650000.0,100,33750000,1146483.7644770406,0.0545221583534258,0.0483870967741935,0.0446665503867553,0.0384615384615385,E09000027,197797.0
RICHMOND UPON THAMES,2021,4127,943765.021080688,675000.0,250,31098589,1221264.3720862856,0.0446665503867553,0.0384615384615385,0.0309900983421806,0.0503703703703704,E09000027,195315.0
RICHMOND UPON THAMES,2022,3381,973012.3918958888,709000.0,100,21474800,995491.0520203258,0.0309900983421806,0.0503703703703704,0.0384759783430919,-0.0169252468265161,E09000027,195165.0
RICHMOND UPON THAMES,2023,2736,1010449.995614035,697000.0,1000,23983370,1601597.0836060457,0.0384759783430919,-0.0169252468265161,-0.0742183028568226,-0.0120229555236728,,
RICHMOND UPON THAMES,2024,2987,935456.1118178776,688620.0,100,18000000,1005493.0889666494,-0.0742183028568226,-0.0120229555236728,-0.0278283677783512,0.0020040080160319,,
RICHMOND UPON THAMES,2025,2917,909423.8950977032,690000.0,415,10000000,789566.349692854,-0.0278283677783512,0.0020040080160319,,,,
SOUTHWARK,2018,4457,1053550.9522100068,550000.0,100,448500000,8037782.90904065,,,-0.0978165743269356,-0.0181818181818181,E09000028,310492.0
SOUTHWARK,2019,3813,950496.2071859428,540000.0,100,255000000,5231013.972338542,-0.0978165743269356,-0.0181818181818181,-0.0026669688513928,-0.0277777777777777,E09000028,312591.0
SOUTHWARK,2020,2946,947961.2634080108,525000.0,450,130754059,4149499.7690324,-0.0026669688513928,-0.0277777777777777,-0.065258298883188,0.0285714285714284,E09000028,312055.0
SOUTHWARK,2021,4313,886098.9239508463,540000.0,460,136500000,3683473.4171024086,-0.065258298883188,0.0285714285714284,-0.028274406754461,0.0185185185185186,E09000028,306762.0
SOUTHWARK,2022,3921,861045.0025503698,550000.0,100,63610000,2671650.473509544,-0.028274406754461,0.0185185185185186,0.0340430944799194,0.0,E09000028,311492.0
SOUTHWARK,2023,3196,890357.6389236546,550000.0,100,94670178,2760847.0996525963,0.0340430944799194,0.0,-0.1288177462863231,0.009090909090909,,
SOUTHWARK,2024,3716,775663.7744886975,555000.0,500,84500000,1843768.822627219,-0.1288177462863231,0.009090909090909,-0.0390665563791172,-0.054054054054054,,
SOUTHWARK,2025,3589,745361.2619113959,525000.0,100,67337742,2024224.725911292,-0.0390665563791172,-0.054054054054054,,,,
SUTTON,2018,3003,441194.1565101565,375000.0,999,16550000,534021.8653948655,,,0.2147541923415803,0.0133333333333334,E09000029,206286.0
SUTTON,2019,2903,535942.45125732,380000.0,400,42000000,1732740.434477878,0.2147541923415803,0.0133333333333334,-0.1044644397459927,0.0263157894736842,E09000029,208516.0
SUTTON,2020,2698,479955.5233506301,390000.0,1000,38000000,929364.0058651929,-0.1044644397459927,0.0263157894736842,-0.0097021783245794,0.0641025641025641,E09000029,209921.0
SUTTON,2021,3946,475298.9092752154,415000.0,100,17460000,484399.4907651021,-0.0097021783245794,0.0641025641025641,0.0724117190338993,0.0265060240963854,E09000029,209617.0
SUTTON,2022,3307,509716.1203507711,426000.0,1000,73000000,1328058.3268190315,0.0724117190338993,0.0265060240963854,0.027677601395297,0.0046948356807512,E09000029,210293.0
SUTTON,2023,2643,523823.83995459706,428000.0,100,67760000,1427515.4923214563,0.027677601395297,0.0046948356807512,-0.0414991879446648,0.0397196261682242,,
SUTTON,2024,2705,502085.5759704252,445000.0,245,12100000,447473.82825065753,-0.0414991879446648,0.0397196261682242,0.0503396143143097,0.0112359550561798,,
SUTTON,2025,2666,527360.3702175544,450000.0,600,64800000,1333198.2392518031,0.0503396143143097,0.0112359550561798,,,,
TOWER HAMLETS,2018,4188,1016051.4909264564,470000.0,110,255000000,7165172.719477565,,,-0.1484181249904289,0.0319148936170212,E09000030,300050.0
TOWER HAMLETS,2019,4326,865251.0337494221,485000.0,100,262890000,5920150.028573503,-0.1484181249904289,0.0319148936170212,0.6928681267483918,0.1030927835051547,E09000030,305066.0
TOWER HAMLETS,2020,4355,1464755.8966704938,535000.0,110,171030000,6225408.258958403,0.6928681267483918,0.1030927835051547,-0.3624197576017948,0.0373831775700934,E09000030,306780.0
TOWER HAMLETS,2021,5943,933899.4196533738,555000.0,1000,421364142,7272752.79363744,-0.3624197576017948,0.0373831775700934,-0.233296885656699,-0.0694738738738738,E09000030,312715.0
TOWER HAMLETS,2022,5009,716023.593531643,516442.0,150,56580000,1600170.1651682344,-0.233296885656699,-0.0694738738738738,0.1567450203042473,-0.0512003284008659,E09000030,323854.0
TOWER HAMLETS,2023,3251,828256.7262380805,490000.0,100,251000000,5616004.581819904,0.1567450203042473,-0.0512003284008659,0.0624085989835987,0.0280683673469388,,
TOWER HAMLETS,2024,3758,879947.0681213412,503753.5,950,164300000,5215011.920417151,0.0624085989835987,0.0280683673469388,-0.2916343413638257,-0.0372275329104413,,
TOWER HAMLETS,2025,3227,623324.2844747443,485000.0,1000,42000000,929336.4838005976,-0.2916343413638257,-0.0372275329104413,,,,
WALTHAM FOREST,2018,3517,467917.8711970429,435000.0,100,18500000,529228.5775142916,,,0.0315685701384229,0.0120689655172414,E09000031,279795.0
WALTHAM FOREST,2019,3463,482689.3693329483,440250.0,500,28000000,673623.7070473345,0.0315685701384229,0.0120689655172414,0.0487634340706935,0.0335036910846109,E09000031,281015.0
WALTHAM FOREST,2020,2942,506226.9605710401,455000.0,220,55577971,1243375.017488903,0.0487634340706935,0.0335036910846109,0.0325620284622936,0.0494505494505495,E09000031,279527.0
WALTHAM FOREST,2021,4556,522710.7372695347,477500.0,100,27887602,732731.7803249017,0.0325620284622936,0.0494505494505495,0.0623345649902808,0.0471204188481675,E09000031,278147.0
WALTHAM FOREST,2022,3661,555293.6836929801,500000.0,100,16800000,564126.6281730086,0.0623345649902808,0.0471204188481675,0.0239752935938075,-0.004,E09000031,276312.0
WALTHAM FOREST,2023,2971,568607.0127903062,498000.0,610,48506533,1077039.8271995273,0.0239752935938075,-0.004,-0.0485958148458108,0.0040160642570281,,
WALTHAM FOREST,2024,3316,540975.0916767189,500000.0,1000,6955000,299502.49414048536,-0.0485958148458108,0.0040160642570281,0.338734129972627,0.05,,
WALTHAM FOREST,2025,3381,724221.8186926944,525000.0,1000,540000000,9288400.50710214,0.338734129972627,0.05,,,,
WANDSWORTH,2018,5593,848937.2340425532,605000.0,500,117000000,2457231.732170202,,,-0.0427061548312331,0.0082644628099173,E09000032,331069.0
WANDSWORTH,2019,5423,812682.3890835331,610000.0,100,53000000,1641814.2946747732,-0.0427061548312331,0.0082644628099173,0.0331443737037602,0.0434426229508195,E09000032,334558.0
WANDSWORTH,2020,5099,839618.2378897823,636500.0,100,57914751,1344592.9374089486,0.0331443737037602,0.0434426229508195,0.1075841362941689,-0.0129615082482325,E09000032,333678.0
WANDSWORTH,2021,7470,929947.8408299866,628250.0,100,523000000,6479210.850027544,0.1075841362941689,-0.0129615082482325,0.053518004590336,0.1380819737365699,E09000032,328429.0
WANDSWORTH,2022,7332,979716.7936442988,715000.0,100,72319936,1796218.595346183,0.053518004590336,0.1380819737365699,-0.0499161394660662,-0.0769230769230768,E09000032,329358.0
WANDSWORTH,2023,5408,930813.1135355028,660000.0,800,40270000,1405018.2883849056,-0.0499161394660662,-0.0769230769230768,-0.0535242109133212,-0.043030303030303,,
WANDSWORTH,2024,5885,880992.0761257434,631600.0,240,93836616,1667083.692976409,-0.0535242109133212,-0.043030303030303,0.0026863569107118,0.0093413552881571,,
WANDSWORTH,2025,5383,883358.7352777262,637500.0,1,190498163,2869534.7243041955,0.0026863569107118,0.0093413552881571,,,,
