Code,Name,Geography,Year,Population
E09000007,Camden,London Borough,2022,217365
E09000001,City of London,London Borough,2022,11457
E09000012,Hackney,London Borough,2022,261632
E09000013,Hammersmith and Fulham,London Borough,2022,185506
E09000014,Haringey,London Borough,2022,262413
E09000019,Islington,London Borough,2022,219594
E09000020,Kensington and Chelsea,London Borough,2022,146392
E09000022,Lambeth,London Borough,2022,316700
E09000023,Lewisham,London Borough,2022,299023
E09000025,Newham,London Borough,2022,357147
E09000028,Southwark,London Borough,2022,311492
E09000030,Tower Hamlets,London Borough,2022,323854
E09000032,Wandsworth,London Borough,2022,329358
E09000033,Westminster,London Borough,2022,209866
E09000002,Barking and Dagenham,London Borough,2022,220039
E09000003,Barnet,London Borough,2022,390346
E09000004,Bexley,London Borough,2022,247754
E09000005,Brent,London Borough,2022,341183
E09000006,Bromley,London Borough,2022,329689
E09000008,Croydon,London Borough,2022,392610
E09000009,Ealing,London Borough,2022,370129
E09000010,Enfield,London Borough,2022,327426
E09000011,Greenwich,London Borough,2022,291879
E09000015,Harrow,London Borough,2022,261933
E09000016,Havering,London Borough,2022,264675
E09000017,Hillingdon,London Borough,2022,310894
E09000018,Hounslow,London Borough,2022,291199
E09000021,Kingston upon Thames,London Borough,2022,169082
E09000024,Merton,London Borough,2022,215121
E09000026,Redbridge,London Borough,2022,311515
E09000027,Richmond upon Thames,London Borough,2022,195165
E09000029,Sutton,London Borough,2022,210293
E09000031,Waltham Forest,London Borough,2022,276312
E09000007,Camden,London Borough,2021,210968
E09000001,City of London,London Borough,2021,8689
E09000012,Hackney,London Borough,2021,260082
E09000013,Hammersmith and Fulham,London Borough,2021,183310
E09000014,Haringey,London Borough,2021,264317
E09000019,Islington,London Borough,2021,217050
E09000020,Kensington and Chelsea,London Borough,2021,144266
E09000022,Lambeth,London Borough,2021,317691
E09000023,Lewisham,London Borough,2021,300013
E09000025,Newham,London Borough,2021,351256
E09000028,Southwark,London Borough,2021,306762
E09000030,Tower Hamlets,London Borough,2021,312715
E09000032,Wandsworth,London Borough,2021,328429
E09000033,Westminster,London Borough,2021,205759
E09000002,Barking and Dagenham,London Borough,2021,218714
E09000003,Barnet,London Borough,2021,388955
E09000004,Bexley,London Borough,2021,246637
E09000005,Brent,London Borough,2021,339248
E09000006,Bromley,London Borough,2021,329899
E09000008,Croydon,London Borough,2021,390691
E09000009,Ealing,London Borough,2021,366762
E09000010,Enfield,London Borough,2021,329876
E09000011,Greenwich,London Borough,2021,289537
E09000015,Harrow,London Borough,2021,261159
E09000016,Havering,London Borough,2021,262086
E09000017,Hillingdon,London Borough,2021,305107
E09000018,Hounslow,London Borough,2021,288164
E09000021,Kingston upon Thames,London Borough,2021,167992
E09000024,Merton,London Borough,2021,215426
E09000026,Redbridge,London Borough,2021,310130
E09000027,Richmond upon Thames,London Borough,2021,195315
E09000029,Sutton,London Borough,2021,209617
E09000031,Waltham Forest,London Borough,2021,278147
E09000007,Camden,London Borough,2020,214768
E09000001,City of London,London Borough,2020,8331
E09000012,Hackney,London Borough,2020,263782
E09000013,Hammersmith and Fulham,London Borough,2020,186555
E09000014,Haringey,London Borough,2020,269534
E09000019,Islington,London Borough,2020,221018
E09000020,Kensington and Chelsea,London Borough,2020,144874
E09000022,Lambeth,London Borough,2020,325527
E09000023,Lewisham,London Borough,2020,304169
E09000025,Newham,London Borough,2020,350025
E09000028,Southwark,London Borough,2020,312055
E09000030,Tower Hamlets,London Borough,2020,306780
E09000032,Wandsworth,London Borough,2020,333678
E09000033,Westminster,London Borough,2020,205624
E09000002,Barking and Dagenham,London Borough,2020,219227
E09000003,Barnet,London Borough,2020,391046
E09000004,Bexley,London Borough,2020,246924
E09000005,Brent,London Borough,2020,343988
E09000006,Bromley,London Borough,2020,331247
E09000008,Croydon,London Borough,2020,392101
E09000009,Ealing,London Borough,2020,367936
E09000010,Enfield,London Borough,2020,333149
E09000011,Greenwich,London Borough,2020,288384
E09000015,Harrow,London Borough,2020,262281
E09000016,Havering,London Borough,2020,261906
E09000017,Hillingdon,London Borough,2020,306460
E09000018,Hounslow,London Borough,2020,289773
E09000021,Kingston upon Thames,London Borough,2020,169770
E09000024,Merton,London Borough,2020,217101
E09000026,Redbridge,London Borough,2020,311750
E09000027,Richmond upon Thames,London Borough,2020,197797
E09000029,Sutton,London Borough,2020,209921
E09000031,Waltham Forest,London Borough,2020,279527
E09000007,Camden,London Borough,2019,217136
E09000001,City of London,London Borough,2019,8765
E09000012,Hackney,London Borough,2019,265825
E09000013,Hammersmith and Fulham,London Borough,2019,188562
E09000014,Haringey,London Borough,2019,273716
E09000019,Islington,London Borough,2019,221994
E09000020,Kensington and Chelsea,London Borough,2019,146805
E09000022,Lambeth,London Borough,2019,329513
E09000023,Lewisham,London Borough,2019,305906
E09000025,Newham,London Borough,2019,349786
E09000028,Southwark,London Borough,2019,312591
E09000030,Tower Hamlets,London Borough,2019,305066
E09000032,Wandsworth,London Borough,2019,334558
E09000033,Westminster,London Borough,2019,208415
E09000002,Barking and Dagenham,London Borough,2019,218828
E09000003,Barnet,London Borough,2019,390590
E09000004,Bexley,London Borough,2019,246622
E09000005,Brent,London Borough,2019,347424
E09000006,Bromley,London Borough,2019,331192
E09000008,Croydon,London Borough,2019,390643
E09000009,Ealing,London Borough,2019,367284
E09000010,Enfield,London Borough,2019,335151
E09000011,Greenwich,London Borough,2019,288205
E09000015,Harrow,London Borough,2019,262065
E09000016,Havering,London Borough,2019,261296
E09000017,Hillingdon,London Borough,2019,305641
E09000018,Hounslow,London Borough,2019,289652
E09000021,Kingston upon Thames,London Borough,2019,169797
E09000024,Merton,London Borough,2019,217219
E09000026,Redbridge,London Borough,2019,311780
E09000027,Richmond upon Thames,London Borough,2019,198185
E09000029,Sutton,London Borough,2019,208516
E09000031,Waltham Forest,London Borough,2019,281015
E09000007,Camden,London Borough,2018,217915
E09000001,City of London,London Borough,2018,8165
E09000012,Hackney,London Borough,2018,266210
E09000013,Hammersmith and Fulham,London Borough,2018,189037
E09000014,Haringey,London Borough,2018,274240
E09000019,Islington,London Borough,2018,221453
E09000020,Kensington and Chelsea,London Borough,2018,148471
E09000022,Lambeth,London Borough,2018,328923
E09000023,Lewisham,London Borough,2018,303127
E09000025,Newham,London Borough,2018,344570
E09000028,Southwark,London Borough,2018,310492
E09000030,Tower Hamlets,London Borough,2018,300050
E09000032,Wandsworth,London Borough,2018,331069
E09000033,Westminster,London Borough,2018,209868
E09000002,Barking and Dagenham,London Borough,2018,216298
E09000003,Barnet,London Borough,2018,387574
E09000004,Bexley,London Borough,2018,245244
E09000005,Brent,London Borough,2018,345558
E09000006,Bromley,London Borough,2018,330367
E09000008,Croydon,London Borough,2018,386999
E09000009,Ealing,London Borough,2018,364208
E09000010,Enfield,London Borough,2018,334000
E09000011,Greenwich,London Borough,2018,285773
E09000015,Harrow,London Borough,2018,259861
E09000016,Havering,London Borough,2018,259229
E09000017,Hillingdon,London Borough,2018,302263
E09000018,Hounslow,London Borough,2018,285430
E09000021,Kingston upon Thames,London Borough,2018,168729
E09000024,Merton,London Borough,2018,216171
E09000026,Redbridge,London Borough,2018,308841
E09000027,Richmond upon Thames,London Borough,2018,197119
E09000029,Sutton,London Borough,2018,206286
E09000031,Waltham Forest,London Borough,2018,279795
E09000007,Camden,London Borough,2017,218833
E09000001,City of London,London Borough,2017,7877
E09000012,Hackney,London Borough,2017,264834
E09000013,Hammersmith and Fulham,London Borough,2017,187720
E09000014,Haringey,London Borough,2017,274463
E09000019,Islington,London Borough,2017,221535
E09000020,Kensington and Chelsea,London Borough,2017,149651
E09000022,Lambeth,London Borough,2017,327227
E09000023,Lewisham,London Borough,2017,300924
E09000025,Newham,London Borough,2017,338333
E09000028,Southwark,London Borough,2017,307640
E09000030,Tower Hamlets,London Borough,2017,293526
E09000032,Wandsworth,London Borough,2017,329493
E09000033,Westminster,London Borough,2017,210459
E09000002,Barking and Dagenham,London Borough,2017,214017
E09000003,Barnet,London Borough,2017,384117
E09000004,Bexley,London Borough,2017,244494
E09000005,Brent,London Borough,2017,342439
E09000006,Bromley,London Borough,2017,329134
E09000008,Croydon,London Borough,2017,385567
E09000009,Ealing,London Borough,2017,362670
E09000010,Enfield,London Borough,2017,333077
E09000011,Greenwich,London Borough,2017,282376
E09000015,Harrow,London Borough,2017,257881
E09000016,Havering,London Borough,2017,257429
E09000017,Hillingdon,London Borough,2017,299469
E09000018,Hounslow,London Borough,2017,281117
E09000021,Kingston upon Thames,London Borough,2017,168781
E09000024,Merton,London Borough,2017,215431
E09000026,Redbridge,London Borough,2017,305937
E09000027,Richmond upon Thames,London Borough,2017,196849
E09000029,Sutton,London Borough,2017,204824
E09000031,Waltham Forest,London Borough,2017,278105
E09000007,Camden,London Borough,2016,221024
E09000001,City of London,London Borough,2016,7737
E09000012,Hackney,London Borough,2016,264892
E09000013,Hammersmith and Fulham,London Borough,2016,187472
E09000014,Haringey,London Borough,2016,276262
E09000019,Islington,London Borough,2016,220620
E09000020,Kensington and Chelsea,London Borough,2016,152708
E09000022,Lambeth,London Borough,2016,326613
E09000023,Lewisham,London Borough,2016,298809
E09000025,Newham,London Borough,2016,335337
E09000028,Southwark,London Borough,2016,306720
E09000030,Tower Hamlets,London Borough,2016,289011
E09000032,Wandsworth,London Borough,2016,326413
E09000033,Westminster,London Borough,2016,213193
E09000002,Barking and Dagenham,London Borough,2016,211047
E09000003,Barnet,London Borough,2016,382925
E09000004,Bexley,London Borough,2016,244006
E09000005,Brent,London Borough,2016,339524
E09000006,Bromley,London Borough,2016,327701
E09000008,Croydon,London Borough,2016,384382
E09000009,Ealing,London Borough,2016,362163
E09000010,Enfield,London Borough,2016,333295
E09000011,Greenwich,London Borough,2016,278768
E09000015,Harrow,London Borough,2016,257317
E09000016,Havering,London Borough,2016,254487
E09000017,Hillingdon,London Borough,2016,297451
E09000018,Hounslow,London Borough,2016,278601
E09000021,Kingston upon Thames,London Borough,2016,168617
E09000024,Merton,London Borough,2016,215514
E09000026,Redbridge,London Borough,2016,304369
E09000027,Richmond upon Thames,London Borough,2016,196293
E09000029,Sutton,London Borough,2016,203299
E09000031,Waltham Forest,London Borough,2016,277081
E09000007,Camden,London Borough,2015,221032
E09000001,City of London,London Borough,2015,7668
E09000012,Hackney,London Borough,2015,261929
E09000013,Hammersmith and Fulham,London Borough,2015,187246
E09000014,Haringey,London Borough,2015,272938
E09000019,Islington,London Borough,2015,218255
E09000020,Kensington and Chelsea,London Borough,2015,156149
E09000022,Lambeth,London Borough,2015,322881
E09000023,Lewisham,London Borough,2015,295364
E09000025,Newham,London Borough,2015,330322
E09000028,Southwark,London Borough,2015,304048
E09000030,Tower Hamlets,London Borough,2015,282674
E09000032,Wandsworth,London Borough,2015,322658
E09000033,Westminster,London Borough,2015,215876
E09000002,Barking and Dagenham,London Borough,2015,206450
E09000003,Barnet,London Borough,2015,377826
E09000004,Bexley,London Borough,2015,241427
E09000005,Brent,London Borough,2015,335605
E09000006,Bromley,London Borough,2015,325653
E09000008,Croydon,London Borough,2015,381277
E09000009,Ealing,London Borough,2015,359144
E09000010,Enfield,London Borough,2015,330868
E09000011,Greenwich,London Borough,2015,274230
E09000015,Harrow,London Borough,2015,255308
E09000016,Havering,London Borough,2015,250449
E09000017,Hillingdon,London Borough,2015,294011
E09000018,Hounslow,London Borough,2015,275097
E09000021,Kingston upon Thames,London Borough,2015,167594
E09000024,Merton,London Borough,2015,213791
E09000026,Redbridge,London Borough,2015,301022
E09000027,Richmond upon Thames,London Borough,2015,194966
E09000029,Sutton,London Borough,2015,201208
E09000031,Waltham Forest,London Borough,2015,274579
E09000007,Camden,London Borough,2014,221095
E09000001,City of London,London Borough,2014,7567
E09000012,Hackney,London Borough,2014,258735
E09000013,Hammersmith and Fulham,London Borough,2014,186659
E09000014,Haringey,London Borough,2014,268901
E09000019,Islington,London Borough,2014,214986
E09000020,Kensington and Chelsea,London Borough,2014,156178
E09000022,Lambeth,London Borough,2014,318196
E09000023,Lewisham,London Borough,2014,291086
E09000025,Newham,London Borough,2014,322984
E09000028,Southwark,London Borough,2014,299685
E09000030,Tower Hamlets,London Borough,2014,277060
E09000032,Wandsworth,London Borough,2014,319898
E09000033,Westminster,London Borough,2014,214341
E09000002,Barking and Dagenham,London Borough,2014,201244
E09000003,Barnet,London Borough,2014,373853
E09000004,Bexley,London Borough,2014,239112
E09000005,Brent,London Borough,2014,329981
E09000006,Bromley,London Borough,2014,321800
E09000008,Croydon,London Borough,2014,378244
E09000009,Ealing,London Borough,2014,354660
E09000010,Enfield,London Borough,2014,326340
E09000011,Greenwich,London Borough,2014,268305
E09000015,Harrow,London Borough,2014,251618
E09000016,Havering,London Borough,2014,246771
E09000017,Hillingdon,London Borough,2014,290225
E09000018,Hounslow,London Borough,2014,270773
E09000021,Kingston upon Thames,London Borough,2014,165791
E09000024,Merton,London Borough,2014,211025
E09000026,Redbridge,London Borough,2014,295837
E09000027,Richmond upon Thames,London Borough,2014,194492
E09000029,Sutton,London Borough,2014,199144
E09000031,Waltham Forest,London Borough,2014,270606
E09000007,Camden,London Borough,2013,221348
E09000001,City of London,London Borough,2013,7537
E09000012,Hackney,London Borough,2013,255646
E09000013,Hammersmith and Fulham,London Borough,2013,186056
E09000014,Haringey,London Borough,2013,265054
E09000019,Islington,London Borough,2013,212604
E09000020,Kensington and Chelsea,London Borough,2013,156823
E09000022,Lambeth,London Borough,2013,314375
E09000023,Lewisham,London Borough,2013,286056
E09000025,Newham,London Borough,2013,316952
E09000028,Southwark,London Borough,2013,297868
E09000030,Tower Hamlets,London Borough,2013,270294
E09000032,Wandsworth,London Borough,2013,316810
E09000033,Westminster,London Borough,2013,215907
E09000002,Barking and Dagenham,London Borough,2013,196204
E09000003,Barnet,London Borough,2013,368611
E09000004,Bexley,London Borough,2013,236169
E09000005,Brent,London Borough,2013,324345
E09000006,Bromley,London Borough,2013,318582
E09000008,Croydon,London Borough,2013,374270
E09000009,Ealing,London Borough,2013,350650
E09000010,Enfield,London Borough,2013,321754
E09000011,Greenwich,London Borough,2013,264036
E09000015,Harrow,London Borough,2013,247018
E09000016,Havering,London Borough,2013,242550
E09000017,Hillingdon,London Borough,2013,285982
E09000018,Hounslow,London Borough,2013,265547
E09000021,Kingston upon Thames,London Borough,2013,164418
E09000024,Merton,London Borough,2013,208529
E09000026,Redbridge,London Borough,2013,289976
E09000027,Richmond upon Thames,London Borough,2013,192375
E09000029,Sutton,London Borough,2013,196678
E09000031,Waltham Forest,London Borough,2013,267963
E09000007,Camden,London Borough,2012,219647
E09000001,City of London,London Borough,2012,7514
E09000012,Hackney,London Borough,2012,251193
E09000013,Hammersmith and Fulham,London Borough,2012,184439
E09000014,Haringey,London Borough,2012,259312
E09000019,Islington,London Borough,2012,208762
E09000020,Kensington and Chelsea,London Borough,2012,157240
E09000022,Lambeth,London Borough,2012,310449
E09000023,Lewisham,London Borough,2012,281011
E09000025,Newham,London Borough,2012,313750
E09000028,Southwark,London Borough,2012,293078
E09000030,Tower Hamlets,London Borough,2012,261936
E09000032,Wandsworth,London Borough,2012,312262
E09000033,Westminster,London Borough,2012,219539
E09000002,Barking and Dagenham,London Borough,2012,191453
E09000003,Barnet,London Borough,2012,363260
E09000004,Bexley,London Borough,2012,234435
E09000005,Brent,London Borough,2012,317984
E09000006,Bromley,London Borough,2012,314663
E09000008,Croydon,London Borough,2012,369617
E09000009,Ealing,London Borough,2012,344834
E09000010,Enfield,London Borough,2012,317780
E09000011,Greenwich,London Borough,2012,260360
E09000015,Harrow,London Borough,2012,243800
E09000016,Havering,London Borough,2012,239946
E09000017,Hillingdon,London Borough,2012,281263
E09000018,Hounslow,London Borough,2012,260584
E09000021,Kingston upon Thames,London Borough,2012,162562
E09000024,Merton,London Borough,2012,205166
E09000026,Redbridge,London Borough,2012,285437
E09000027,Richmond upon Thames,London Borough,2012,189934
E09000029,Sutton,London Borough,2012,193982
E09000031,Waltham Forest,London Borough,2012,263575
E09000007,Camden,London Borough,2011,220087
E09000001,City of London,London Borough,2011,7412
E09000012,Hackney,London Borough,2011,247182
E09000013,Hammersmith and Fulham,London Borough,2011,182445
E09000014,Haringey,London Borough,2011,255540
E09000019,Islington,London Borough,2011,206285
E09000020,Kensington and Chelsea,London Borough,2011,158251
E09000022,Lambeth,London Borough,2011,304481
E09000023,Lewisham,London Borough,2011,276938
E09000025,Newham,London Borough,2011,310460
E09000028,Southwark,London Borough,2011,288717
E09000030,Tower Hamlets,London Borough,2011,256012
E09000032,Wandsworth,London Borough,2011,307710
E09000033,Westminster,London Borough,2011,219582
E09000002,Barking and Dagenham,London Borough,2011,187029
E09000003,Barnet,London Borough,2011,357538
E09000004,Bexley,London Borough,2011,232774
E09000005,Brent,London Borough,2011,312245
E09000006,Bromley,London Borough,2011,310554
E09000008,Croydon,London Borough,2011,364815
E09000009,Ealing,London Borough,2011,339314
E09000010,Enfield,London Borough,2011,313935
E09000011,Greenwich,London Borough,2011,255483
E09000015,Harrow,London Borough,2011,240499
E09000016,Havering,London Borough,2011,237927
E09000017,Hillingdon,London Borough,2011,275499
E09000018,Hounslow,London Borough,2011,254927
E09000021,Kingston upon Thames,London Borough,2011,160436
E09000024,Merton,London Borough,2011,200543
E09000026,Redbridge,London Borough,2011,281395
E09000027,Richmond upon Thames,London Borough,2011,187527
E09000029,Sutton,London Borough,2011,191123
E09000031,Waltham Forest,London Borough,2011,259742
