Sensitivity_Type,Scenario,Shock,District,Predicted_Average_Price_Growth,Predicted_Median_Price_Growth,Average_Growth_Change,Median_Growth_Change
Individuals_only,-10%,-0.1,BARKING AND DAGENHAM,0.028817975585012014,0.0466859195359783,0.003903365524768103,0.0010462469735877736
Individuals_only,-10%,-0.1,BARNET,-0.0002543599620982765,0.008270615270647725,0.007825359588149608,0.0
Individuals_only,-10%,-0.1,BEXLEY,0.02117573902374032,0.023969769466854113,0.0050934439036714185,0.004794498056199262
Individuals_only,-10%,-0.1,BRENT,0.006817203681013734,0.01570648530212189,0.006597848058875699,0.0005479489513577299
Individuals_only,-10%,-0.1,BROMLEY,0.013493217128370818,0.022034830877150084,0.007003802299207031,0.0015282778322240169
Individuals_only,-10%,-0.1,CAMDEN,-0.001961294087327982,-0.02836083937421361,0.004293226679756667,-4.7423024535784425e-05
Individuals_only,-10%,-0.1,CITY OF LONDON,0.019367399146594903,-0.029827067986726588,0.00038390988272835047,0.0
Individuals_only,-10%,-0.1,CITY OF WESTMINSTER,-0.05752321398450263,-0.03483153909039544,0.0039341431103032815,0.008068185270181077
Individuals_only,-10%,-0.1,CROYDON,0.03756890931459868,0.02369977697226879,0.008007595291976345,-3.469446951953614e-18
Individuals_only,-10%,-0.1,EALING,0.013249938278454054,0.018655703913066646,0.0071661065231562945,0.001263359494085136
Individuals_only,-10%,-0.1,ENFIELD,0.04127574599540142,0.021893841552486356,0.005724243548627626,0.0006505214220880219
Individuals_only,-10%,-0.1,GREENWICH,-0.0004308562517982939,0.010360135210924208,0.005970076871992743,-9.358853899064067e-05
Individuals_only,-10%,-0.1,HACKNEY,-0.0008739459973247871,0.004195589780927813,0.004518987664729275,0.002772900022451325
Individuals_only,-10%,-0.1,HAMMERSMITH AND FULHAM,-0.017253177088876175,-0.0002136038133641006,0.0038300486676923033,0.019825461132567425
Individuals_only,-10%,-0.1,HARINGEY,0.03629636726972199,0.01209389894127594,0.005007837141158808,0.0005532395844786101
Individuals_only,-10%,-0.1,HARROW,0.003427426393848129,0.014735637578953178,0.005304731676224163,0.002316456954673137
Individuals_only,-10%,-0.1,HAVERING,0.02411146058100924,0.02608068391065539,0.005125947006015784,0.004107006388547118
Individuals_only,-10%,-0.1,HILLINGDON,0.009455412790281531,0.01962594471401398,0.0062653515341351985,-3.469446951953614e-18
Individuals_only,-10%,-0.1,HOUNSLOW,0.0005113886794994183,0.018297677898131658,0.005747520418237189,0.0003080474769014477
Individuals_only,-10%,-0.1,ISLINGTON,0.007947928631378718,-0.016716670577907104,0.0043222787484826705,0.0015965195735563598
Individuals_only,-10%,-0.1,KENSINGTON AND CHELSEA,-0.004005147431850476,-0.034262337193268086,0.002622820764583457,0.000393794490066858
Individuals_only,-10%,-0.1,KINGSTON UPON THAMES,-0.020408817570246186,0.00928927472065042,0.0032171028395168028,0.00015284430814610332
Individuals_only,-10%,-0.1,LAMBETH,-0.00974875339394408,-0.005318585307506703,0.006671129701322739,0.000924906588960937
Individuals_only,-10%,-0.1,LEWISHAM,0.0035376072502061686,0.010203602718764929,0.005701424469191932,0.0005380687802383696
Individuals_only,-10%,-0.1,MERTON,-0.016465037600795384,0.01491188021551201,0.004620793156470938,0.002722470600418282
Individuals_only,-10%,-0.1,NEWHAM,0.032601892771199646,0.025813354081205154,0.006512980803567013,0.0004076963072374394
Individuals_only,-10%,-0.1,REDBRIDGE,0.014445693456570844,0.021594450352182364,0.005808124794331071,0.0
Individuals_only,-10%,-0.1,RICHMOND UPON THAMES,0.00945363275461939,-0.01754025411570485,0.003910654952921179,0.012503703169124001
Individuals_only,-10%,-0.1,SOUTHWARK,0.02652712537233619,-0.007079896536062901,0.006167490080814523,-0.0003162738175957894
Individuals_only,-10%,-0.1,SUTTON,0.041402864153243346,0.03313204144377817,0.004028377456861812,0.0054145439282983834
Individuals_only,-10%,-0.1,TOWER HAMLETS,-0.028992753745524222,-0.007313500206663772,0.006085616068950334,0.000112816596590847
Individuals_only,-10%,-0.1,WALTHAM FOREST,0.025819380170142556,0.022732473393792783,0.005494468095976521,0.0018284034290927988
Individuals_only,-10%,-0.1,WANDSWORTH,-0.0038553062157646823,-0.023440568935258255,0.007385071084778456,0.0008533311506633695
Income_only,-10%,-0.1,BARKING AND DAGENHAM,0.029214922998253824,0.04640447553486236,0.004300312938009913,0.0007648029724718411
Income_only,-10%,-0.1,BARNET,-0.0027631010929009877,0.008625756341910176,0.005316618457346897,0.0003551410712624506
Income_only,-10%,-0.1,BEXLEY,0.02099432454918297,0.023296069268618186,0.004912029429114069,0.004120797857963338
Income_only,-10%,-0.1,BRENT,0.00463190647980307,0.021564298727766305,0.004412550857665036,0.006405762377002145
Income_only,-10%,-0.1,BROMLEY,0.012181580573146512,0.022426073133144323,0.005692165743982725,0.0019195200882182566
Income_only,-10%,-0.1,CAMDEN,4.516567725331268e-05,0.011664160965443428,0.006299686444337961,0.03997757731512128
Income_only,-10%,-0.1,CITY OF LONDON,0.029415495445410555,-0.029827067986726585,0.010432006181544003,3.469446951953614e-18
Income_only,-10%,-0.1,CITY OF WESTMINSTER,-0.054468465545389325,-0.028796856944068586,0.006988891549416586,0.014102867416507927
Income_only,-10%,-0.1,CROYDON,0.0344412572567924,0.033574430649320086,0.00487994323417007,0.009874653677051298
Income_only,-10%,-0.1,EALING,0.010889278159816088,0.028740378687329735,0.004805446404518328,0.011348034268348232
Income_only,-10%,-0.1,ENFIELD,0.04027173469881559,0.031943142310605084,0.004720232252041802,0.01069982218020675
Income_only,-10%,-0.1,GREENWICH,-0.0010250598554658705,0.011176088836833624,0.005375873268325167,0.0007223650869187751
Income_only,-10%,-0.1,HACKNEY,0.00020497027883984017,0.0034299160786718567,0.005597903940893902,0.0020072263201953685
Income_only,-10%,-0.1,HAMMERSMITH AND FULHAM,-0.014942259431431305,0.014551798645223034,0.006140966325137174,0.03459086359115456
Income_only,-10%,-0.1,HARINGEY,0.03641340556163015,0.013915805018363935,0.005124875433066965,0.002375145661566604
Income_only,-10%,-0.1,HARROW,0.0030980479580535298,0.01372890918160785,0.0049753532404295635,0.0013097285573278068
Income_only,-10%,-0.1,HAVERING,0.023942861753497188,0.02468507275889611,0.004957348178503733,0.0027113952367878377
Income_only,-10%,-0.1,HILLINGDON,0.008326209437314599,0.022059979182346673,0.005136148181168266,0.00243403446833269
Income_only,-10%,-0.1,HOUNSLOW,-0.0005849169487658519,0.028717452728966517,0.0046512147899719185,0.010727822307736307
Income_only,-10%,-0.1,ISLINGTON,0.009591873370491468,0.007126095326872558,0.00596622348759542,0.025439285478336023
Income_only,-10%,-0.1,KENSINGTON AND CHELSEA,0.00042531107732355364,-0.02775438004385555,0.007053279273757486,0.006901751639479401
Income_only,-10%,-0.1,KINGSTON UPON THAMES,-0.01759747505835909,0.025811614661536503,0.006028445351403899,0.016675184249032183
Income_only,-10%,-0.1,LAMBETH,-0.010606105998082623,0.006451557397286739,0.005813777097184196,0.012695049293754382
Income_only,-10%,-0.1,LEWISHAM,0.002961115891900883,0.011446615092331601,0.005124933110886645,0.001781081153805042
Income_only,-10%,-0.1,MERTON,-0.01562224314083453,0.012425793004215207,0.005463587616431792,0.0002363833891214813
Income_only,-10%,-0.1,NEWHAM,0.03049259863177837,0.03155662668984056,0.004403686664145735,0.006150968915872836
Income_only,-10%,-0.1,REDBRIDGE,0.013340869398576554,0.03219668668457147,0.00470330073633678,0.010602236332389107
Income_only,-10%,-0.1,RICHMOND UPON THAMES,0.012712852921556947,-0.026822561897353516,0.007169875119858737,0.003221395387475335
Income_only,-10%,-0.1,SOUTHWARK,0.026012895091316674,-0.002707113642051802,0.005653259799795009,0.004056509076415311
Income_only,-10%,-0.1,SUTTON,0.042399513583734436,0.03113453452918178,0.005025026887352901,0.0034170370137019956
Income_only,-10%,-0.1,TOWER HAMLETS,-0.029344499871143553,0.005458041306189515,0.005733869943331003,0.012884358109444136
Income_only,-10%,-0.1,WALTHAM FOREST,0.02532873193224353,0.023211160117229047,0.005003819858077494,0.0023070901525290635
Income_only,-10%,-0.1,WANDSWORTH,-0.0049409250291545526,0.004285980486170732,0.006299452271388586,0.028579880572092355
Both,-10%,-0.1,BARKING AND DAGENHAM,0.03311828852302193,0.04743486685664242,0.008203678462778016,0.0017951942942519075
Both,-10%,-0.1,BARNET,0.00506225849524862,0.008625756341910176,0.013141978045496504,0.0003551410712624523
Both,-10%,-0.1,BEXLEY,0.02608776845285439,0.030433567087683744,0.010005473332785488,0.011258295677028896
Both,-10%,-0.1,BRENT,0.011229754538678768,0.022118808537612375,0.011010398916540733,0.006960272186848216
Both,-10%,-0.1,BROMLEY,0.019185382872353544,0.023954350965368344,0.012695968043189758,0.003447797920442277
Both,-10%,-0.1,CAMDEN,0.004338392357009979,0.013540949179804506,0.010592913124094628,0.04185436552948234
Both,-10%,-0.1,CITY OF LONDON,0.029799405328138906,-0.029827067986726588,0.010815916064272353,0.0
Both,-10%,-0.1,CITY OF WESTMINSTER,-0.050534322435086036,-0.01637597497872903,0.010923034659719874,0.02652374938184749
Both,-10%,-0.1,CROYDON,0.04244885254876875,0.03357443064932009,0.012887538526146415,0.009874653677051308
Both,-10%,-0.1,EALING,0.018055384682972384,0.03005491469051142,0.011971552927674625,0.012662570271529918
Both,-10%,-0.1,ENFIELD,0.04599597824744322,0.033214924193505566,0.010444475800669428,0.011971604063107235
Both,-10%,-0.1,GREENWICH,0.004945017016526873,0.011184551202938507,0.01134595014031791,0.0007308274530236584
Both,-10%,-0.1,HACKNEY,0.004723957943569114,0.006153746041572685,0.010116891605623176,0.0047310562830961975
Both,-10%,-0.1,HAMMERSMITH AND FULHAM,-0.011112210763739002,0.02715088904464342,0.009971014992829477,0.04718995399057495
Both,-10%,-0.1,HARINGEY,0.041421242702788956,0.015319152843882723,0.010132712574225773,0.00377849348708539
Both,-10%,-0.1,HARROW,0.008402779634277692,0.01755588790628778,0.010280084916653725,0.005136707282007739
Both,-10%,-0.1,HAVERING,0.02906880875951297,0.030223366907933594,0.010083295184519517,0.00824968938582532
Both,-10%,-0.1,HILLINGDON,0.014591560971449797,0.02205997918234667,0.011401499715303465,0.0024340344683326867
Both,-10%,-0.1,HOUNSLOW,0.005162603469471337,0.029620274408341564,0.010398735208209107,0.011630643987111354
Both,-10%,-0.1,ISLINGTON,0.01391415211897414,0.009233746998174315,0.010288502236078093,0.02754693714963778
Both,-10%,-0.1,KENSINGTON AND CHELSEA,0.0030481318419070106,-0.027360585553788674,0.009676100038340943,0.0072955461295462765
Both,-10%,-0.1,KINGSTON UPON THAMES,-0.014380372218842289,0.025964458969682608,0.0092455481909207,0.01682802855717829
Both,-10%,-0.1,LAMBETH,-0.003934976296759882,0.007376463986247671,0.012484906798506936,0.01361995588271531
Both,-10%,-0.1,LEWISHAM,0.008662540361092813,0.011984683872569969,0.010826357580078577,0.00231914993404341
Both,-10%,-0.1,MERTON,-0.011001449984363592,0.014875244716461712,0.01008438077290273,0.0026858351013679845
Both,-10%,-0.1,NEWHAM,0.03700557943534538,0.031884988623658655,0.010916667467712748,0.006479330849690934
Both,-10%,-0.1,REDBRIDGE,0.019148994192907626,0.03251183530545936,0.010511425530667853,0.010917384953276998
Both,-10%,-0.1,RICHMOND UPON THAMES,0.016623507874478128,-0.013910397840059435,0.011080530072779917,0.016133559444769414
Both,-10%,-0.1,SOUTHWARK,0.0321803851721312,-0.002921336554552064,0.011820749880609532,0.0038422861639150476
Both,-10%,-0.1,SUTTON,0.04642789104059625,0.03601564180154971,0.009053404344214713,0.008298144286069925
Both,-10%,-0.1,TOWER HAMLETS,-0.02325888380219322,0.005466503672294401,0.011819486012281336,0.012892820475549023
Both,-10%,-0.1,WALTHAM FOREST,0.030823200028220053,0.026281106232981827,0.010498287954054018,0.005377036268281846
Both,-10%,-0.1,WANDSWORTH,0.002444146055623902,0.005272076835140455,0.01368452335616704,0.029565976921062078
Individuals_only,-5%,-0.05,BARKING AND DAGENHAM,0.026866292822627966,0.04612419310401417,0.001951682762384055,0.00048452054162364394
Individuals_only,-5%,-0.05,BARNET,-0.004167039756173076,0.008270615270647725,0.003912679794074808,0.0
Individuals_only,-5%,-0.05,BEXLEY,0.018629017071904612,0.0242261826944167,0.0025467219518357093,0.005050911283761849
Individuals_only,-5%,-0.05,BRENT,0.00351827965157589,0.015816353984136187,0.0032989240294378558,0.0006578176333720282
Individuals_only,-5%,-0.05,BROMLEY,0.00999131597876731,0.021306593189359437,0.0035019011496035223,0.0008000401444333699
Individuals_only,-5%,-0.05,CAMDEN,-0.004107907427206315,-0.02826234527056831,0.002146613339878334,5.10710791095173e-05
Individuals_only,-5%,-0.05,CITY OF LONDON,0.019175444205230728,-0.029827067986726588,0.00019195494136417524,0.0
Individuals_only,-5%,-0.05,CITY OF WESTMINSTER,-0.05949028553965426,-0.03654621116055184,0.0019670715551516477,0.0063535132000246825
Individuals_only,-5%,-0.05,CROYDON,0.033565111668610516,0.023699776972268792,0.004003797645988183,0.0
Individuals_only,-5%,-0.05,EALING,0.009666885016875914,0.017785396928413622,0.003583053261578154,0.00039305250943211245
Individuals_only,-5%,-0.05,ENFIELD,0.0384136242210876,0.02133789110451166,0.0028621217743138097,9.457097411332688e-05
Individuals_only,-5%,-0.05,GREENWICH,-0.0034158946877946602,0.01035167284481932,0.002985038435996377,-0.00010205090509552914
Individuals_only,-5%,-0.05,HACKNEY,-0.0031334398296894213,0.0024874091051461287,0.0022594938323646403,0.0010647193466696405
Individuals_only,-5%,-0.05,HAMMERSMITH AND FULHAM,-0.01916820142272232,-7.414804463314724e-05,0.0019150243338461569,0.01996491690129838
Individuals_only,-5%,-0.05,HARINGEY,0.033792448699142594,0.01201826105119574,0.002503918570579411,0.0004776016943984097
Individuals_only,-5%,-0.05,HARROW,0.0007750605557360472,0.013039845394821177,0.002652365838112081,0.000620664770541136
Individuals_only,-5%,-0.05,HAVERING,0.021548487078001343,0.026187176860568605,0.0025629735030078885,0.004213499338460332
Individuals_only,-5%,-0.05,HILLINGDON,0.006322737023213936,0.019625944714013986,0.003132675767067603,3.469446951953614e-18
Individuals_only,-5%,-0.05,HOUNSLOW,-0.0023623715296191713,0.01798963042123021,0.002873760209118599,0.0
Individuals_only,-5%,-0.05,ISLINGTON,0.0057867892571373866,-0.0167166705779071,0.0021611393742413383,0.0015965195735563632
Individuals_only,-5%,-0.05,KENSINGTON AND CHELSEA,-0.005316557814142201,-0.03426233719326809,0.001311410382291732,0.0003937944900668511
Individuals_only,-5%,-0.05,KINGSTON UPON THAMES,-0.022017368990004584,0.009289274720650423,0.0016085514197584048,0.0001528443081461068
Individuals_only,-5%,-0.05,LAMBETH,-0.01308431824460544,-0.005318585307506702,0.003335564850661379,0.0009249065889609378
Individuals_only,-5%,-0.05,LEWISHAM,0.0006868950156102027,0.009673996304631446,0.0028507122345959655,8.462366104886737e-06
Individuals_only,-5%,-0.05,MERTON,-0.018775434179030853,0.012417167211218626,0.002310396578235469,0.00022775759612489802
Individuals_only,-5%,-0.05,NEWHAM,0.029345402369416143,0.025813354081205147,0.00325649040178351,0.00040769630723743247
Individuals_only,-5%,-0.05,REDBRIDGE,0.011541631059405309,0.021594450352182364,0.0029040623971655355,0.0
Individuals_only,-5%,-0.05,RICHMOND UPON THAMES,0.0074983052781588035,-0.021536300667959623,0.001955327476460593,0.008507656616869228
Individuals_only,-5%,-0.05,SOUTHWARK,0.02344338033192893,-0.00687349140048141,0.003083745040407263,-0.00010986868201429828
Individuals_only,-5%,-0.05,SUTTON,0.03938867542481243,0.028248922448275888,0.002014188728430899,0.0005314249327961033
Individuals_only,-5%,-0.05,TOWER HAMLETS,-0.03203556177999939,-0.0074263168032546205,0.003042808034475167,-1.734723475976807e-18
Individuals_only,-5%,-0.05,WALTHAM FOREST,0.023072146122154295,0.020904069964699984,0.0027472340479882604,0.0
Individuals_only,-5%,-0.05,WANDSWORTH,-0.007547841758153904,-0.024293900085921624,0.0036925355423892345,0.0
Income_only,-5%,-0.05,BARKING AND DAGENHAM,0.027064766529248867,0.04629017376783108,0.0021501564690049567,0.0006505012054405582
Income_only,-5%,-0.05,BARNET,-0.00542141032157443,0.00812375072711538,0.0026583092286734545,-0.00014686454353234416
Income_only,-5%,-0.05,BEXLEY,0.01853830983462594,0.019722859330574553,0.002456014714557038,0.0005475879199197051
Income_only,-5%,-0.05,BRENT,0.002425631050970553,0.02139716174038213,0.0022062754288325187,0.006238625389617969
Income_only,-5%,-0.05,BROMLEY,0.009335497701155155,0.022427033230055494,0.0028460828719913678,0.0019204801851294279
Income_only,-5%,-0.05,CAMDEN,-0.0031046775449156574,-0.010658165370307513,0.0031498432221689914,0.017655250979370332
Income_only,-5%,-0.05,CITY OF LONDON,0.024199492354638558,-0.029827067986726588,0.005216003090772005,0.0
Income_only,-5%,-0.05,CITY OF WESTMINSTER,-0.057962911320097614,-0.04316223139879784,0.0034944457747082963,-0.00026250703822132404
Income_only,-5%,-0.05,CROYDON,0.03200128563970737,0.026071231023429883,0.002439971617085035,0.0023714540511610947
Income_only,-5%,-0.05,EALING,0.008486554957556928,0.01958286708173921,0.0024027232022591685,0.0021905226627577067
Income_only,-5%,-0.05,ENFIELD,0.037911618572794695,0.023321442630436257,0.0023601161260209044,0.0020781225000379225
Income_only,-5%,-0.05,GREENWICH,-0.003712996489628448,0.01087589988063173,0.0026879366341625893,0.00042217613071688156
Income_only,-5%,-0.05,HACKNEY,-0.0025939816916071105,0.00326710041664907,0.002798951970446951,0.0018444106581725819
Income_only,-5%,-0.05,HAMMERSMITH AND FULHAM,-0.018012742593999886,-0.005926983464979936,0.003070483162568593,0.01411208148095159
Income_only,-5%,-0.05,HARINGEY,0.03385096784509666,0.012000406286741948,0.002562437716533479,0.00045974692994461656
Income_only,-5%,-0.05,HARROW,0.0006103713378387558,0.012529244502862389,0.0024876766202147895,0.00011006387858234629
Income_only,-5%,-0.05,HAVERING,0.021464187664245328,0.022266188865381235,0.0024786740892518734,0.0002925113432729609
Income_only,-5%,-0.05,HILLINGDON,0.0057581353467304735,0.020183936924598845,0.0025680740905841405,0.0005579922105848623
Income_only,-5%,-0.05,HOUNSLOW,-0.002910524343751807,0.021018450287826364,0.0023256073949859636,0.0030288198665961545
Income_only,-5%,-0.05,ISLINGTON,0.006608761626693757,0.0029736523018438327,0.002983111743797709,0.021286842453307295
Income_only,-5%,-0.05,KENSINGTON AND CHELSEA,-0.003101328559555187,-0.034918638721556254,0.003526639636878746,-0.0002625070382213032
Income_only,-5%,-0.05,KINGSTON UPON THAMES,-0.020611697734061032,0.01720911575690607,0.0030142226757019566,0.00807268534440175
Income_only,-5%,-0.05,LAMBETH,-0.013512994546674722,0.0065226599158608005,0.002906888548592097,0.012766151812328442
Income_only,-5%,-0.05,LEWISHAM,0.0003986493364575628,0.01006673115761684,0.0025624665554433257,0.00040119721909028135
Income_only,-5%,-0.05,MERTON,-0.01835403694905042,0.012220358001615193,0.0027317938082159036,3.0948386521467e-05
Income_only,-5%,-0.05,NEWHAM,0.028290755299705504,0.031188349463091982,0.002201843332072871,0.005782691689124261
Income_only,-5%,-0.05,REDBRIDGE,0.010989219030408165,0.02266322373502695,0.002351650368168392,0.0010687733828445845
Income_only,-5%,-0.05,RICHMOND UPON THAMES,0.009127915361627588,-0.030306464323050175,0.003584937559929377,-0.00026250703822132404
Income_only,-5%,-0.05,SOUTHWARK,0.023186265191419177,-0.0030465037650989554,0.0028266298998975113,0.003717118953368158
Income_only,-5%,-0.05,SUTTON,0.039887000140057985,0.02825852540465484,0.0025125134436764507,0.000541027889175056
Income_only,-5%,-0.05,TOWER HAMLETS,-0.032211434842809056,0.005594185347015008,0.0028669349716654996,0.013020502150269628
Income_only,-5%,-0.05,WALTHAM FOREST,0.02282682200320479,0.02131706230350179,0.0025019099290387557,0.00041299233880180697
Income_only,-5%,-0.05,WANDSWORTH,-0.008090651164848845,-0.015018347639984568,0.003149726135694293,0.009275552445937056
Both,-5%,-0.05,BARKING AND DAGENHAM,0.029016449291632922,0.04677469430945474,0.004101839231389012,0.001135021747064223
Both,-5%,-0.05,BARNET,-0.0015087305274996223,0.008123750727115379,0.006570989022748263,-0.00014686454353234416
Both,-5%,-0.05,BEXLEY,0.02108503178646165,0.025164520739159982,0.005002736666392747,0.005989249328505135
Both,-5%,-0.05,BRENT,0.005724555080408408,0.022061540232242494,0.005505199458270374,0.006903003881478334
Both,-5%,-0.05,BROMLEY,0.012837398850758677,0.023227073374488864,0.00634798402159489,0.0027205203295627978
Both,-5%,-0.05,CAMDEN,-0.0009580642050373233,-0.009127403239192993,0.005296456562047325,0.01918601311048484
Both,-5%,-0.05,CITY OF LONDON,0.024391447296002733,-0.029827067986726588,0.00540795803213618,0.0
Both,-5%,-0.05,CITY OF WESTMINSTER,-0.055995839764945966,-0.03680871819877316,0.005461517329859944,0.006091006161803358
Both,-5%,-0.05,CROYDON,0.03600508328569555,0.02607123102342988,0.006443769263073218,0.0023714540511610947
Both,-5%,-0.05,EALING,0.012069608219135082,0.01997591959117133,0.005985776463837323,0.002583575172189826
Both,-5%,-0.05,ENFIELD,0.040773740347108504,0.023416013604549587,0.005222237900334714,0.0021726934741512563
Both,-5%,-0.05,GREENWICH,-0.0007279580536320713,0.01087589988063173,0.005672975070158966,0.00042217613071688156
Both,-5%,-0.05,HACKNEY,-0.0003344878592424702,0.004443870937780051,0.0050584458028115915,0.003021181179303563
Both,-5%,-0.05,HAMMERSMITH AND FULHAM,-0.016097718260153732,0.013254320244691463,0.004985507496414746,0.03329338519062299
Both,-5%,-0.05,HARINGEY,0.03635488641567607,0.012566286516290421,0.00506635628711289,0.0010256271594930883
Both,-5%,-0.05,HARROW,0.0032627371759508367,0.013242696595743736,0.00514004245832687,0.0008235159714636946
Both,-5%,-0.05,HAVERING,0.024027161167253216,0.02675593027599966,0.005041647592259762,0.0047822527538913875
Both,-5%,-0.05,HILLINGDON,0.008890811113798077,0.020183936924598845,0.0057007498576517445,0.0005579922105848623
Both,-5%,-0.05,HOUNSLOW,-3.6764134633207254e-05,0.021073885749402,0.005199367604104563,0.0030842553281717894
Both,-5%,-0.05,ISLINGTON,0.008769901000935096,0.005018516967533287,0.005144251118039048,0.02333170711899675
Both,-5%,-0.05,KENSINGTON AND CHELSEA,-0.001789918177263455,-0.034524844231489396,0.004838050019170478,0.0001312874518455548
Both,-5%,-0.05,KINGSTON UPON THAMES,-0.019003146314302628,0.017361960065052168,0.0046227740954603615,0.00822552965254785
Both,-5%,-0.05,LAMBETH,-0.01017742969601334,0.007447566504821735,0.006242453399253478,0.013691058401289376
Both,-5%,-0.05,LEWISHAM,0.0032493615710535288,0.010075193523721725,0.005413178790039292,0.00040965958519516635
Both,-5%,-0.05,MERTON,-0.01604364037081495,0.012448115597740091,0.005042190386451373,0.0002587059826463633
Both,-5%,-0.05,NEWHAM,0.031547245701489014,0.031516711396910084,0.005458333733856381,0.006111053622942363
Both,-5%,-0.05,REDBRIDGE,0.0138932814275737,0.022663223735026952,0.005255712765333927,0.001068773382844588
Both,-5%,-0.05,RICHMOND UPON THAMES,0.01108324283808818,-0.02179880770618094,0.00554026503638997,0.008245149578647911
Both,-5%,-0.05,SOUTHWARK,0.02627001023182644,-0.0031563724471132524,0.0059103749403047745,0.0036072502713538593
Both,-5%,-0.05,SUTTON,0.041901188868488884,0.028789950337450947,0.00452670217210735,0.0010724528219711628
Both,-5%,-0.05,TOWER HAMLETS,-0.02916862680833389,0.005594185347015005,0.005909743006140666,0.013020502150269626
Both,-5%,-0.05,WALTHAM FOREST,0.02557405605119305,0.021317062303501787,0.005249143977027016,0.00041299233880180697
Both,-5%,-0.05,WANDSWORTH,-0.00439811562245961,-0.015018347639984568,0.006842261678083528,0.009275552445937056
Individuals_only,+0%,0.0,BARKING AND DAGENHAM,0.02491461006024391,0.04563967256239053,0.0,0.0
Individuals_only,+0%,0.0,BARNET,-0.008079719550247885,0.008270615270647725,0.0,0.0
Individuals_only,+0%,0.0,BEXLEY,0.016082295120068903,0.01917527141065485,0.0,0.0
Individuals_only,+0%,0.0,BRENT,0.0002193556221380343,0.01515853635076416,0.0,0.0
Individuals_only,+0%,0.0,BROMLEY,0.006489414829163787,0.020506553044926067,0.0,0.0
Individuals_only,+0%,0.0,CAMDEN,-0.006254520767084649,-0.028313416349677826,0.0,0.0
Individuals_only,+0%,0.0,CITY OF LONDON,0.018983489263866553,-0.029827067986726588,0.0,0.0
Individuals_only,+0%,0.0,CITY OF WESTMINSTER,-0.06145735709480591,-0.04289972436057652,0.0,0.0
Individuals_only,+0%,0.0,CROYDON,0.029561314022622333,0.023699776972268792,0.0,0.0
Individuals_only,+0%,0.0,EALING,0.00608383175529776,0.01739234441898151,0.0,0.0
Individuals_only,+0%,0.0,ENFIELD,0.03555150244677379,0.021243320130398334,0.0,0.0
Individuals_only,+0%,0.0,GREENWICH,-0.0064009331237910375,0.010453723749914849,0.0,0.0
Individuals_only,+0%,0.0,HACKNEY,-0.005392933662054062,0.0014226897584764882,0.0,0.0
Individuals_only,+0%,0.0,HAMMERSMITH AND FULHAM,-0.02108322575656848,-0.020039064945931526,0.0,0.0
Individuals_only,+0%,0.0,HARINGEY,0.03128853012856318,0.01154065935679733,0.0,0.0
Individuals_only,+0%,0.0,HARROW,-0.0018773052823760337,0.012419180624280041,0.0,0.0
Individuals_only,+0%,0.0,HAVERING,0.018985513574993455,0.021973677522108274,0.0,0.0
Individuals_only,+0%,0.0,HILLINGDON,0.003190061256146333,0.019625944714013983,0.0,0.0
Individuals_only,+0%,0.0,HOUNSLOW,-0.00523613173873777,0.01798963042123021,0.0,0.0
Individuals_only,+0%,0.0,ISLINGTON,0.0036256498828960483,-0.018313190151463463,0.0,0.0
Individuals_only,+0%,0.0,KENSINGTON AND CHELSEA,-0.006627968196433933,-0.034656131683334944,0.0,0.0
Individuals_only,+0%,0.0,KINGSTON UPON THAMES,-0.02362592040976299,0.009136430412504316,0.0,0.0
Individuals_only,+0%,0.0,LAMBETH,-0.01641988309526682,-0.00624349189646764,0.0,0.0
Individuals_only,+0%,0.0,LEWISHAM,-0.002163817218985763,0.009665533938526559,0.0,0.0
Individuals_only,+0%,0.0,MERTON,-0.021085830757266322,0.012189409615093728,0.0,0.0
Individuals_only,+0%,0.0,NEWHAM,0.026088911967632633,0.025405657773967714,0.0,0.0
Individuals_only,+0%,0.0,REDBRIDGE,0.008637568662239773,0.021594450352182364,0.0,0.0
Individuals_only,+0%,0.0,RICHMOND UPON THAMES,0.005542977801698211,-0.03004395728482885,0.0,0.0
Individuals_only,+0%,0.0,SOUTHWARK,0.020359635291521665,-0.006763622718467112,0.0,0.0
Individuals_only,+0%,0.0,SUTTON,0.037374486696381534,0.027717497515479785,0.0,0.0
Individuals_only,+0%,0.0,TOWER HAMLETS,-0.035078369814474555,-0.007426316803254619,0.0,0.0
Individuals_only,+0%,0.0,WALTHAM FOREST,0.020324912074166035,0.020904069964699984,0.0,0.0
Individuals_only,+0%,0.0,WANDSWORTH,-0.011240377300543138,-0.024293900085921624,0.0,0.0
Income_only,+0%,0.0,BARKING AND DAGENHAM,0.02491461006024391,0.04563967256239052,0.0,0.0
Income_only,+0%,0.0,BARNET,-0.008079719550247885,0.008270615270647725,0.0,0.0
Income_only,+0%,0.0,BEXLEY,0.016082295120068903,0.019175271410654848,0.0,0.0
Income_only,+0%,0.0,BRENT,0.0002193556221380343,0.01515853635076416,0.0,0.0
Income_only,+0%,0.0,BROMLEY,0.006489414829163787,0.020506553044926067,0.0,0.0
Income_only,+0%,0.0,CAMDEN,-0.006254520767084649,-0.028313416349677847,0.0,0.0
Income_only,+0%,0.0,CITY OF LONDON,0.018983489263866553,-0.029827067986726588,0.0,0.0
Income_only,+0%,0.0,CITY OF WESTMINSTER,-0.06145735709480591,-0.04289972436057651,0.0,0.0
Income_only,+0%,0.0,CROYDON,0.029561314022622333,0.02369977697226879,0.0,0.0
Income_only,+0%,0.0,EALING,0.00608383175529776,0.017392344418981503,0.0,0.0
Income_only,+0%,0.0,ENFIELD,0.03555150244677379,0.021243320130398334,0.0,0.0
Income_only,+0%,0.0,GREENWICH,-0.0064009331237910375,0.010453723749914849,0.0,0.0
Income_only,+0%,0.0,HACKNEY,-0.005392933662054062,0.0014226897584764882,0.0,0.0
Income_only,+0%,0.0,HAMMERSMITH AND FULHAM,-0.02108322575656848,-0.020039064945931526,0.0,0.0
Income_only,+0%,0.0,HARINGEY,0.03128853012856318,0.011540659356797331,0.0,0.0
Income_only,+0%,0.0,HARROW,-0.0018773052823760337,0.012419180624280043,0.0,0.0
Income_only,+0%,0.0,HAVERING,0.018985513574993455,0.021973677522108274,0.0,0.0
Income_only,+0%,0.0,HILLINGDON,0.003190061256146333,0.019625944714013983,0.0,0.0
Income_only,+0%,0.0,HOUNSLOW,-0.00523613173873777,0.01798963042123021,0.0,0.0
Income_only,+0%,0.0,ISLINGTON,0.0036256498828960483,-0.018313190151463463,0.0,0.0
Income_only,+0%,0.0,KENSINGTON AND CHELSEA,-0.006627968196433933,-0.03465613168333495,0.0,0.0
Income_only,+0%,0.0,KINGSTON UPON THAMES,-0.02362592040976299,0.00913643041250432,0.0,0.0
Income_only,+0%,0.0,LAMBETH,-0.01641988309526682,-0.006243491896467642,0.0,0.0
Income_only,+0%,0.0,LEWISHAM,-0.002163817218985763,0.009665533938526559,0.0,0.0
Income_only,+0%,0.0,MERTON,-0.021085830757266322,0.012189409615093726,0.0,0.0
Income_only,+0%,0.0,NEWHAM,0.026088911967632633,0.02540565777396772,0.0,0.0
Income_only,+0%,0.0,REDBRIDGE,0.008637568662239773,0.021594450352182364,0.0,0.0
Income_only,+0%,0.0,RICHMOND UPON THAMES,0.005542977801698211,-0.03004395728482885,0.0,0.0
Income_only,+0%,0.0,SOUTHWARK,0.020359635291521665,-0.0067636227184671134,0.0,0.0
Income_only,+0%,0.0,SUTTON,0.037374486696381534,0.027717497515479785,0.0,0.0
Income_only,+0%,0.0,TOWER HAMLETS,-0.035078369814474555,-0.0074263168032546205,0.0,0.0
Income_only,+0%,0.0,WALTHAM FOREST,0.020324912074166035,0.020904069964699984,0.0,0.0
Income_only,+0%,0.0,WANDSWORTH,-0.011240377300543138,-0.024293900085921624,0.0,0.0
Both,+0%,0.0,BARKING AND DAGENHAM,0.02491461006024391,0.045639672562390515,0.0,0.0
Both,+0%,0.0,BARNET,-0.008079719550247885,0.008270615270647723,0.0,0.0
Both,+0%,0.0,BEXLEY,0.016082295120068903,0.019175271410654848,0.0,0.0
Both,+0%,0.0,BRENT,0.0002193556221380343,0.01515853635076416,0.0,0.0
Both,+0%,0.0,BROMLEY,0.006489414829163787,0.020506553044926067,0.0,0.0
Both,+0%,0.0,CAMDEN,-0.006254520767084649,-0.028313416349677833,0.0,0.0
Both,+0%,0.0,CITY OF LONDON,0.018983489263866553,-0.029827067986726588,0.0,0.0
Both,+0%,0.0,CITY OF WESTMINSTER,-0.06145735709480591,-0.04289972436057652,0.0,0.0
Both,+0%,0.0,CROYDON,0.029561314022622333,0.023699776972268785,0.0,0.0
Both,+0%,0.0,EALING,0.00608383175529776,0.017392344418981503,0.0,0.0
Both,+0%,0.0,ENFIELD,0.03555150244677379,0.02124332013039833,0.0,0.0
Both,+0%,0.0,GREENWICH,-0.0064009331237910375,0.010453723749914849,0.0,0.0
Both,+0%,0.0,HACKNEY,-0.005392933662054062,0.0014226897584764875,0.0,0.0
Both,+0%,0.0,HAMMERSMITH AND FULHAM,-0.02108322575656848,-0.020039064945931526,0.0,0.0
Both,+0%,0.0,HARINGEY,0.03128853012856318,0.011540659356797333,0.0,0.0
Both,+0%,0.0,HARROW,-0.0018773052823760337,0.012419180624280041,0.0,0.0
Both,+0%,0.0,HAVERING,0.018985513574993455,0.021973677522108274,0.0,0.0
Both,+0%,0.0,HILLINGDON,0.003190061256146333,0.019625944714013983,0.0,0.0
Both,+0%,0.0,HOUNSLOW,-0.00523613173873777,0.01798963042123021,0.0,0.0
Both,+0%,0.0,ISLINGTON,0.0036256498828960483,-0.018313190151463463,0.0,0.0
Both,+0%,0.0,KENSINGTON AND CHELSEA,-0.006627968196433933,-0.03465613168333495,0.0,0.0
Both,+0%,0.0,KINGSTON UPON THAMES,-0.02362592040976299,0.009136430412504318,0.0,0.0
Both,+0%,0.0,LAMBETH,-0.01641988309526682,-0.00624349189646764,0.0,0.0
Both,+0%,0.0,LEWISHAM,-0.002163817218985763,0.009665533938526559,0.0,0.0
Both,+0%,0.0,MERTON,-0.021085830757266322,0.012189409615093728,0.0,0.0
Both,+0%,0.0,NEWHAM,0.026088911967632633,0.02540565777396772,0.0,0.0
Both,+0%,0.0,REDBRIDGE,0.008637568662239773,0.021594450352182364,0.0,0.0
Both,+0%,0.0,RICHMOND UPON THAMES,0.005542977801698211,-0.03004395728482885,0.0,0.0
Both,+0%,0.0,SOUTHWARK,0.020359635291521665,-0.006763622718467112,0.0,0.0
Both,+0%,0.0,SUTTON,0.037374486696381534,0.027717497515479785,0.0,0.0
Both,+0%,0.0,TOWER HAMLETS,-0.035078369814474555,-0.007426316803254621,0.0,0.0
Both,+0%,0.0,WALTHAM FOREST,0.020324912074166035,0.02090406996469998,0.0,0.0
Both,+0%,0.0,WANDSWORTH,-0.011240377300543138,-0.024293900085921624,0.0,0.0
Individuals_only,+5%,0.05,BARKING AND DAGENHAM,0.022962927297859856,0.0456437875837222,-0.001951682762384055,4.11502133167152e-06
Individuals_only,+5%,0.05,BARNET,-0.01199239934432269,0.008270615270647725,-0.003912679794074805,0.0
Individuals_only,+5%,0.05,BEXLEY,0.013535573168233186,0.01864713827090637,-0.002546721951835716,-0.0005281331397484802
Individuals_only,+5%,0.05,BRENT,-0.0030795684072998223,0.014365584699694178,-0.0032989240294378566,-0.000792951651069981
Individuals_only,+5%,0.05,BROMLEY,0.002987513679560265,0.02050655304492607,-0.003501901149603522,3.469446951953614e-18
Individuals_only,+5%,0.05,CAMDEN,-0.008401134106962986,-0.028313416349677833,-0.0021466133398783376,-6.938893903907228e-18
Individuals_only,+5%,0.05,CITY OF LONDON,0.018791534322502405,-0.029827067986726585,-0.00019195494136414748,3.469446951953614e-18
Individuals_only,+5%,0.05,CITY OF WESTMINSTER,-0.06342442864995756,-0.04289972436057651,-0.0019670715551516546,6.938893903907228e-18
Individuals_only,+5%,0.05,CROYDON,0.025557516376634157,0.023699776972268792,-0.004003797645988176,0.0
Individuals_only,+5%,0.05,EALING,0.002500778493719604,0.017392344418981503,-0.0035830532615781555,-6.938893903907228e-18
Individuals_only,+5%,0.05,ENFIELD,0.032689380672459974,0.021243320130398334,-0.0028621217743138166,0.0
Individuals_only,+5%,0.05,GREENWICH,-0.009385971559787414,0.010453723749914849,-0.0029850384359963768,0.0
Individuals_only,+5%,0.05,HACKNEY,-0.007652427494418702,0.0014226897584764875,-0.0022594938323646403,-6.505213034913027e-19
Individuals_only,+5%,0.05,HAMMERSMITH AND FULHAM,-0.022998250090414632,-0.021102265439963776,-0.0019150243338461534,-0.0010632004940322494
Individuals_only,+5%,0.05,HARINGEY,0.02878461155798378,0.009834528927636935,-0.002503918570579404,-0.0017061304291603949
Individuals_only,+5%,0.05,HARROW,-0.004529671120488115,0.012419180624280041,-0.0026523658381120813,0.0
Individuals_only,+5%,0.05,HAVERING,0.016422540071985563,0.021465626395251184,-0.002562973503007892,-0.0005080511268570898
Individuals_only,+5%,0.05,HILLINGDON,5.738548907872941e-05,0.019377343224841706,-0.0031326757670676036,-0.0002486014891722767
Individuals_only,+5%,0.05,HOUNSLOW,-0.00810989194785637,0.01798963042123021,-0.0028737602091186004,0.0
Individuals_only,+5%,0.05,ISLINGTON,0.001464510508654713,-0.018407535035380646,-0.0021611393742413353,-9.434488391718218e-05
Individuals_only,+5%,0.05,KENSINGTON AND CHELSEA,-0.007939378578725658,-0.034656131683334944,-0.001311410382291725,0.0
Individuals_only,+5%,0.05,KINGSTON UPON THAMES,-0.025234471829521394,0.008909535415835808,-0.0016085514197584048,-0.0002268949966685082
Individuals_only,+5%,0.05,LAMBETH,-0.019755447945928185,-0.006361088819122472,-0.003335564850661367,-0.00011759692265483207
Individuals_only,+5%,0.05,LEWISHAM,-0.005014529453581733,0.00966553393852656,-0.0028507122345959703,1.734723475976807e-18
Individuals_only,+5%,0.05,MERTON,-0.02339622733550179,0.012092952443420839,-0.002310396578235469,-9.645717167288889e-05
Individuals_only,+5%,0.05,NEWHAM,0.022832421565849116,0.024350837342328912,-0.003256490401783517,-0.0010548204316388025
Individuals_only,+5%,0.05,REDBRIDGE,0.005733506265074241,0.021594450352182368,-0.002904062397165532,3.469446951953614e-18
Individuals_only,+5%,0.05,RICHMOND UPON THAMES,0.003587650325237625,-0.030043957284828848,-0.0019553274764605856,3.469446951953614e-18
Individuals_only,+5%,0.05,SOUTHWARK,0.017275890251114406,-0.006842957091886455,-0.0030837450404072597,-7.933437341934354e-05
Individuals_only,+5%,0.05,SUTTON,0.03536029796795063,0.027127610642364287,-0.002014188728430906,-0.0005898868731154978
Individuals_only,+5%,0.05,TOWER HAMLETS,-0.03812117784894972,-0.007426316803254619,-0.003042808034475167,0.0
Individuals_only,+5%,0.05,WALTHAM FOREST,0.017577678026177775,0.02080949899058666,-0.0027472340479882604,-9.457097411332341e-05
Individuals_only,+5%,0.05,WANDSWORTH,-0.014932912842932373,-0.024293900085921624,-0.0036925355423892345,0.0
Income_only,+5%,0.05,BARKING AND DAGENHAM,0.022764453591238954,0.036129772171424775,-0.0021501564690049567,-0.009509900390965748
Income_only,+5%,0.05,BARNET,-0.010738028778921339,0.006645558890379084,-0.0026583092286734545,-0.001625056380268641
Income_only,+5%,0.05,BEXLEY,0.013626280405511866,0.018717324635709874,-0.0024560147145570362,-0.0004579467749449735
Income_only,+5%,0.05,BRENT,-0.0019869198066944835,0.012650584846190648,-0.002206275428832518,-0.002507951504573511
Income_only,+5%,0.05,BROMLEY,0.0036433319571724195,0.003042180825640492,-0.0028460828719913673,-0.017464372219285575
Income_only,+5%,0.05,CAMDEN,-0.00940436398925364,-0.03481277019121836,-0.003149843222168991,-0.006499353841540514
Income_only,+5%,0.05,CITY OF LONDON,0.01376748617309454,-0.029827067986726588,-0.0052160030907720135,0.0
Income_only,+5%,0.05,CITY OF WESTMINSTER,-0.06495180286951423,-0.04289972436057652,-0.003494445774708317,-6.938893903907228e-18
Income_only,+5%,0.05,CROYDON,0.02712134240553729,0.023305911463523767,-0.002439971617085042,-0.000393865508745022
Income_only,+5%,0.05,EALING,0.0036811085530385943,0.017074904476913674,-0.0024027232022591654,-0.0003174399420678292
Income_only,+5%,0.05,ENFIELD,0.03319138632075288,0.020683641342276828,-0.0023601161260209114,-0.0005596787881215065
Income_only,+5%,0.05,GREENWICH,-0.009088869757953625,0.007456294335105254,-0.002687936634162587,-0.002997429414809595
Income_only,+5%,0.05,HACKNEY,-0.008191885632501013,-0.010559379223070162,-0.002798951970446951,-0.01198206898154665
Income_only,+5%,0.05,HAMMERSMITH AND FULHAM,-0.024153708919137068,-0.033721587182191565,-0.0030704831625685894,-0.013682522236260038
Income_only,+5%,0.05,HARINGEY,0.0287260924120297,0.011587289306442438,-0.0025624377165334826,4.6629949645106764e-05
Income_only,+5%,0.05,HARROW,-0.004364981902590822,0.012058225799886404,-0.0024876766202147882,-0.00036095482439363856
Income_only,+5%,0.05,HAVERING,0.016506839485741585,0.0215157307471633,-0.00247867408925187,-0.0004579467749449735
Income_only,+5%,0.05,HILLINGDON,0.0006219871655621921,0.0193047768461855,-0.002568074090584141,-0.00032116786782848336
Income_only,+5%,0.05,HOUNSLOW,-0.007561739133723735,0.01762485778967534,-0.0023256073949859644,-0.0003647726315548702
Income_only,+5%,0.05,ISLINGTON,0.0006425381390983355,-0.024538549929314885,-0.0029831117437977128,-0.006225359777851422
Income_only,+5%,0.05,KENSINGTON AND CHELSEA,-0.01015460783331268,-0.034656131683334944,-0.0035266396368787475,6.938893903907228e-18
Income_only,+5%,0.05,KINGSTON UPON THAMES,-0.02664014308546494,-0.01251467543003835,-0.0030142226757019497,-0.02165110584254267
Income_only,+5%,0.05,LAMBETH,-0.019326771643858917,-0.013786891428668941,-0.0029068885485920987,-0.0075433995322013
Income_only,+5%,0.05,LEWISHAM,-0.004726283774429088,0.009242315165602541,-0.0025624665554433252,-0.0004232187729240177
Income_only,+5%,0.05,MERTON,-0.023817624565482226,-0.003528204958769936,-0.0027317938082159036,-0.015717614573863663
Income_only,+5%,0.05,NEWHAM,0.023887068635559762,0.022123604456061912,-0.002201843332072871,-0.0032820533179058094
Income_only,+5%,0.05,REDBRIDGE,0.006285918294071385,0.021297701953344666,-0.0023516503681683884,-0.00029674839883769843
Income_only,+5%,0.05,RICHMOND UPON THAMES,0.001958040241768841,-0.03004395728482885,-0.0035849375599293696,0.0
Income_only,+5%,0.05,SOUTHWARK,0.017533005391624158,-0.017638278930280925,-0.002826629899897508,-0.010874656211813813
Income_only,+5%,0.05,SUTTON,0.03486197325270509,0.027002324168328103,-0.0025125134436764437,-0.0007151733471516819
Income_only,+5%,0.05,TOWER HAMLETS,-0.037945304786140055,-0.015532823819526491,-0.0028669349716654996,-0.008106507016271872
Income_only,+5%,0.05,WALTHAM FOREST,0.017823002145127276,0.02051032465391796,-0.002501909929038759,-0.00039374531078202255
Income_only,+5%,0.05,WANDSWORTH,-0.014390103436237431,-0.034956539203545675,-0.003149726135694293,-0.010662639117624051
Both,+5%,0.05,BARKING AND DAGENHAM,0.0208127708288549,0.03585922697276465,-0.004101839231389012,-0.009780445589625868
Both,+5%,0.05,BARNET,-0.014650708572996144,0.006645558890379084,-0.006570989022748259,-0.0016250563802686392
Both,+5%,0.05,BEXLEY,0.01107955845367615,0.01818919149596139,-0.005002736666392752,-0.0009860799146934572
Both,+5%,0.05,BRENT,-0.005285843836132341,0.011908809704217194,-0.005505199458270375,-0.003249726646546965
Both,+5%,0.05,BROMLEY,0.00014143080756889729,0.003042180825640492,-0.00634798402159489,-0.017464372219285575
Both,+5%,0.05,CAMDEN,-0.011550977329131977,-0.03481277019121836,-0.0052964565620473286,-0.006499353841540528
Both,+5%,0.05,CITY OF LONDON,0.013575531231730392,-0.029827067986726588,-0.005407958032136161,0.0
Both,+5%,0.05,CITY OF WESTMINSTER,-0.06691887442466586,-0.04289972436057651,-0.005461517329859951,6.938893903907228e-18
Both,+5%,0.05,CROYDON,0.023117544759549115,0.023305911463523767,-0.006443769263073218,-0.0003938655087450185
Both,+5%,0.05,EALING,9.805529146043749e-05,0.017074904476913674,-0.005985776463837323,-0.0003174399420678292
Both,+5%,0.05,ENFIELD,0.030329264546439062,0.020683641342276828,-0.005222237900334728,-0.000559678788121503
Both,+5%,0.05,GREENWICH,-0.012073908193950001,0.007456294335105254,-0.005672975070158964,-0.002997429414809595
Both,+5%,0.05,HACKNEY,-0.010451379464865651,-0.010559379223070162,-0.00505844580281159,-0.01198206898154665
Both,+5%,0.05,HAMMERSMITH AND FULHAM,-0.02606873325298322,-0.03407668642054629,-0.004985507496414743,-0.01403762147461476
Both,+5%,0.05,HARINGEY,0.026222173841450296,0.009818751338765851,-0.005066356287112887,-0.001721908018031482
Both,+5%,0.05,HARROW,-0.007017347740702904,0.012058225799886406,-0.00514004245832687,-0.0003609548243936351
Both,+5%,0.05,HAVERING,0.013943865982733691,0.021007679620306214,-0.005041647592259764,-0.0009659979018020598
Both,+5%,0.05,HILLINGDON,-0.0025106886015054115,0.01905617535701322,-0.0057007498576517445,-0.0005697693570007635
Both,+5%,0.05,HOUNSLOW,-0.010435499342842335,0.017624857789675343,-0.005199367604104565,-0.00036477263155486675
Both,+5%,0.05,ISLINGTON,-0.0015186012351429998,-0.024632894813232057,-0.005144251118039048,-0.006319704661768594
Both,+5%,0.05,KENSINGTON AND CHELSEA,-0.011466018215604406,-0.03465613168333495,-0.0048380500191704725,0.0
Both,+5%,0.05,KINGSTON UPON THAMES,-0.028248694505223344,-0.012741570426706865,-0.0046227740954603545,-0.02187800083921118
Both,+5%,0.05,LAMBETH,-0.022662336494520284,-0.013904488351323773,-0.006242453399253466,-0.0076609964548561334
Both,+5%,0.05,LEWISHAM,-0.0075769960090250575,0.009344366070698069,-0.005413178790039295,-0.0003211678678284903
Both,+5%,0.05,MERTON,-0.026128021143717692,-0.003626695296575598,-0.005042190386451369,-0.015816104911669324
Both,+5%,0.05,NEWHAM,0.020630578233776245,0.021119960533519645,-0.005458333733856388,-0.004285697240448076
Both,+5%,0.05,REDBRIDGE,0.0033818558969058543,0.02129770195334467,-0.005255712765333919,-0.00029674839883769497
Both,+5%,0.05,RICHMOND UPON THAMES,2.712765308254903e-06,-0.030043957284828865,-0.005540265036389956,-1.3877787807814457e-17
Both,+5%,0.05,SOUTHWARK,0.014449260351216896,-0.017717613303700266,-0.005910374940304769,-0.010953990585233154
Both,+5%,0.05,SUTTON,0.032847784524274184,0.026412437295212605,-0.00452670217210735,-0.0013050602202671797
Both,+5%,0.05,TOWER HAMLETS,-0.04098811282061522,-0.015532823819526496,-0.005909743006140666,-0.008106507016271875
Both,+5%,0.05,WALTHAM FOREST,0.015075768097139014,0.020415753679804638,-0.005249143977027021,-0.0004883162848953425
Both,+5%,0.05,WANDSWORTH,-0.018082638978626664,-0.034956539203545675,-0.006842261678083526,-0.010662639117624051
Individuals_only,+10%,0.1,BARKING AND DAGENHAM,0.0210112445354758,0.04529497793656839,-0.00390336552476811,-0.0003446946258221367
Individuals_only,+10%,0.1,BARNET,-0.0159050791383975,0.008270615270647725,-0.007825359588149616,0.0
Individuals_only,+10%,0.1,BEXLEY,0.010988851216397477,0.018647138270906367,-0.0050934439036714255,-0.0005281331397484837
Individuals_only,+10%,0.1,BRENT,-0.006378492436737668,0.014365584699694175,-0.006597848058875703,-0.0007929516510699845
Individuals_only,+10%,0.1,BROMLEY,-0.000514387470043252,0.020506553044926063,-0.007003802299207039,-3.469446951953614e-18
Individuals_only,+10%,0.1,CAMDEN,-0.010547747446841322,-0.02838905423975803,-0.0042932266797566735,-7.563789008020391e-05
Individuals_only,+10%,0.1,CITY OF LONDON,0.01859957938113823,-0.029827067986726588,-0.0003839098827283227,0.0
Individuals_only,+10%,0.1,CITY OF WESTMINSTER,-0.06539150020510921,-0.04289972436057651,-0.003934143110303302,6.938893903907228e-18
Individuals_only,+10%,0.1,CROYDON,0.02155371873064598,0.02369977697226878,-0.008007595291976352,-1.0408340855860843e-17
Individuals_only,+10%,0.1,EALING,-0.0010822747678585444,0.01739234441898151,-0.007166106523156304,0.0
Individuals_only,+10%,0.1,ENFIELD,0.029827258898146157,0.02124332013039833,-0.005724243548627633,-3.469446951953614e-18
Individuals_only,+10%,0.1,GREENWICH,-0.012371009995783791,0.010205122260742565,-0.0059700768719927536,-0.0002486014891722836
Individuals_only,+10%,0.1,HACKNEY,-0.009911921326783342,0.0011245063491930629,-0.004518987664729281,-0.00029818340928342534
Individuals_only,+10%,0.1,HAMMERSMITH AND FULHAM,-0.024913274424260782,-0.021288488203462155,-0.0038300486676923033,-0.0012494232575306283
Individuals_only,+10%,0.1,HARINGEY,0.026280692987404375,0.009834528927636931,-0.005007837141158808,-0.0017061304291603983
Individuals_only,+10%,0.1,HARROW,-0.007182036958600197,0.012419180624280041,-0.0053047316762241635,0.0
Individuals_only,+10%,0.1,HAVERING,0.013859566568977662,0.02146562639525118,-0.0051259470060157925,-0.0005080511268570932
Individuals_only,+10%,0.1,HILLINGDON,-0.0030752902779888776,0.01863556808286825,-0.006265351534135211,-0.000990376631145734
Individuals_only,+10%,0.1,HOUNSLOW,-0.010983652156974968,0.01798963042123021,-0.005747520418237197,0.0
Individuals_only,+10%,0.1,ISLINGTON,-0.0006966288655866262,-0.018407535035380642,-0.004322278748482674,-9.434488391717871e-05
Individuals_only,+10%,0.1,KENSINGTON AND CHELSEA,-0.00925078896101739,-0.034656131683334944,-0.002622820764583457,0.0
Individuals_only,+10%,0.1,KINGSTON UPON THAMES,-0.026843023249279795,0.009059495454305469,-0.0032171028395168062,-7.693495819884738e-05
Individuals_only,+10%,0.1,LAMBETH,-0.02309101279658956,-0.006361088819122473,-0.006671129701322741,-0.00011759692265483294
Individuals_only,+10%,0.1,LEWISHAM,-0.007865241688177703,0.009665533938526557,-0.00570142446919194,-1.734723475976807e-18
Individuals_only,+10%,0.1,MERTON,-0.025706623913737268,0.011286766574559091,-0.004620793156470945,-0.0009026430405346363
Individuals_only,+10%,0.1,NEWHAM,0.019575931164065613,0.024350837342328915,-0.00651298080356702,-0.001054820431638799
Individuals_only,+10%,0.1,REDBRIDGE,0.002829443867908696,0.021513944958243117,-0.005808124794331078,-8.050539393924735e-05
Individuals_only,+10%,0.1,RICHMOND UPON THAMES,0.001632322848777039,-0.030386971929483468,-0.003910654952921172,-0.000343014644654617
Individuals_only,+10%,0.1,SOUTHWARK,0.014192145210707134,-0.007151729307513749,-0.006167490080814532,-0.00038810658904663703
Individuals_only,+10%,0.1,SUTTON,0.03334610923951972,0.026659890987185967,-0.004028377456861812,-0.0010576065282938175
Individuals_only,+10%,0.1,TOWER HAMLETS,-0.0411639858834249,-0.007993676249831588,-0.0060856160689503475,-0.0005673594465769689
Individuals_only,+10%,0.1,WALTHAM FOREST,0.014830443978189506,0.020809498990586657,-0.005494468095976529,-9.457097411332688e-05
Individuals_only,+10%,0.1,WANDSWORTH,-0.018625448385321597,-0.024293900085921628,-0.0073850710847784586,-3.469446951953614e-18
Income_only,+10%,0.1,BARKING AND DAGENHAM,0.020614297122233994,0.03312792160946192,-0.004300312938009917,-0.0125117509529286
Income_only,+10%,0.1,BARNET,-0.01339633800759478,-0.005548579229298828,-0.005316618457346895,-0.013819194499946553
Income_only,+10%,0.1,BEXLEY,0.011170265690954832,0.01855023220836292,-0.004912029429114071,-0.0006250392022919271
Income_only,+10%,0.1,BRENT,-0.004193195235527003,0.011507897548031477,-0.004412550857665037,-0.003650638802732682
Income_only,+10%,0.1,BROMLEY,0.0007972490851810656,-0.0022994115555479565,-0.005692165743982722,-0.022805964600474023
Income_only,+10%,0.1,CAMDEN,-0.01255420721142262,-0.034550263152997036,-0.0062996864443379715,-0.00623684680331919
Income_only,+10%,0.1,CITY OF LONDON,0.008551483082322514,-0.029827067986726588,-0.010432006181544039,0.0
Income_only,+10%,0.1,CITY OF WESTMINSTER,-0.06844624864422252,-0.04289972436057652,-0.0069888915494166134,-6.938893903907228e-18
Income_only,+10%,0.1,CROYDON,0.02468137078845226,0.02309599501794681,-0.004879943234170073,-0.0006037819543219802
Income_only,+10%,0.1,EALING,0.0012783853507794276,0.016960715036581715,-0.004805446404518332,-0.00043162938239978826
Income_only,+10%,0.1,ENFIELD,0.03083127019473198,0.020253324681682793,-0.004720232252041809,-0.0009899954487155409
Income_only,+10%,0.1,GREENWICH,-0.011776806392116203,-0.009098703071410525,-0.005375873268325166,-0.019552426821325374
Income_only,+10%,0.1,HACKNEY,-0.010990837602947966,-0.016586283865020122,-0.005597903940893904,-0.01800897362349661
Income_only,+10%,0.1,HAMMERSMITH AND FULHAM,-0.02722419208170565,-0.03773581987941552,-0.006140966325137172,-0.017696754933483997
Income_only,+10%,0.1,HARINGEY,0.026163654695496207,0.007435448493291617,-0.005124875433066976,-0.004105210863505715
Income_only,+10%,0.1,HARROW,-0.006852658522805602,0.012027277413364935,-0.004975353240429569,-0.0003919032109151073
Income_only,+10%,0.1,HAVERING,0.01402816539648971,0.021348638319816347,-0.004957348178503745,-0.0006250392022919271
Income_only,+10%,0.1,HILLINGDON,-0.0019460869250219402,0.015914746821025023,-0.005136148181168273,-0.00371119789298896
Income_only,+10%,0.1,HOUNSLOW,-0.0098873465287097,0.01728745613819726,-0.004651214789971929,-0.0007021742830329511
Income_only,+10%,0.1,ISLINGTON,-0.002340573604699384,-0.0361587383550694,-0.0059662234875954324,-0.017845548203605937
Income_only,+10%,0.1,KENSINGTON AND CHELSEA,-0.01368124747019143,-0.034656131683334944,-0.007053279273757497,6.938893903907228e-18
Income_only,+10%,0.1,KINGSTON UPON THAMES,-0.029654365761166895,-0.018596874063972042,-0.006028445351403906,-0.027733304476476362
Income_only,+10%,0.1,LAMBETH,-0.022233660192451016,-0.026959648969782445,-0.005813777097184197,-0.020716157073314805
Income_only,+10%,0.1,LEWISHAM,-0.007288750329872416,0.0062182434647091835,-0.005124933110886653,-0.0034472904738173755
Income_only,+10%,0.1,MERTON,-0.026549418373698116,-0.00967056761266596,-0.005463587616431793,-0.021859977227759685
Income_only,+10%,0.1,NEWHAM,0.021685225303486898,0.019663921313623368,-0.004403686664145735,-0.005741736460344354
Income_only,+10%,0.1,REDBRIDGE,0.003934267925902988,0.020976956501988116,-0.0047033007363367855,-0.0006174938501942485
Income_only,+10%,0.1,RICHMOND UPON THAMES,-0.0016268973181605222,-0.030043957284828858,-0.007169875119858733,-6.938893903907228e-18
Income_only,+10%,0.1,SOUTHWARK,0.014706375491726655,-0.022047238350696625,-0.0056532597997950105,-0.015283615632229512
Income_only,+10%,0.1,SUTTON,0.03234945980902864,0.0255627899643715,-0.005025026887352894,-0.0021547075511082862
Income_only,+10%,0.1,TOWER HAMLETS,-0.04081223975780557,-0.029520467820397744,-0.005733869943331013,-0.022094151017143123
Income_only,+10%,0.1,WALTHAM FOREST,0.015321092216088529,0.020343232226571008,-0.005003819858077506,-0.0005608377381289761
Income_only,+10%,0.1,WANDSWORTH,-0.01753982957193173,-0.03469403216532435,-0.006299452271388593,-0.010400132079402727
Both,+10%,0.1,BARKING AND DAGENHAM,0.016710931597465884,0.031890728578684684,-0.008203678462778027,-0.013748943983705832
Both,+10%,0.1,BARNET,-0.021221697595744396,-0.005548579229298828,-0.013141978045496511,-0.013819194499946551
Both,+10%,0.1,BEXLEY,0.0060768217872834065,0.017959691530098264,-0.010005473332785496,-0.0012155798805565839
Both,+10%,0.1,BRENT,-0.010791043294402706,0.010766122406058025,-0.01101039891654074,-0.004392413944706134
Both,+10%,0.1,BROMLEY,-0.006206553214025974,-0.0022994115555479556,-0.012695968043189761,-0.022805964600474023
Both,+10%,0.1,CAMDEN,-0.016847433891179292,-0.03462590104307724,-0.010592913124094643,-0.006312484693399404
Both,+10%,0.1,CITY OF LONDON,0.008167573199594191,-0.029827067986726585,-0.010815916064272362,3.469446951953614e-18
Both,+10%,0.1,CITY OF WESTMINSTER,-0.0723803917545258,-0.04289972436057651,-0.010923034659719895,6.938893903907228e-18
Both,+10%,0.1,CROYDON,0.016673775496475907,0.023095995017946812,-0.012887538526146426,-0.0006037819543219733
Both,+10%,0.1,EALING,-0.005887721172376877,0.016960715036581718,-0.011971552927674637,-0.0004316293823997848
Both,+10%,0.1,ENFIELD,0.025107026646104348,0.020253324681682793,-0.010444475800669442,-0.0009899954487155374
Both,+10%,0.1,GREENWICH,-0.017746883264108955,-0.009347304560582805,-0.011345950140317917,-0.019801028310497654
Both,+10%,0.1,HACKNEY,-0.015509825267677245,-0.016723439316511175,-0.010116891605623183,-0.018146129074987662
Both,+10%,0.1,HAMMERSMITH AND FULHAM,-0.031054240749397954,-0.038090919117770246,-0.009971014992829475,-0.01805185417183872
Both,+10%,0.1,HARINGEY,0.0211558175543374,0.0056863672104540556,-0.010132712574225784,-0.005854292146343277
Both,+10%,0.1,HARROW,-0.012157390199029765,0.012129328318460465,-0.010280084916653732,-0.0002898523058195764
Both,+10%,0.1,HAVERING,0.00890221839047392,0.020778179654443073,-0.010083295184519534,-0.0011954978676652003
Both,+10%,0.1,HILLINGDON,-0.008211438459157151,0.01492437018987928,-0.011401499715303484,-0.004701574524134703
Both,+10%,0.1,HOUNSLOW,-0.015634866946946897,0.017287456138197262,-0.010398735208209126,-0.0007021742830329476
Both,+10%,0.1,ISLINGTON,-0.006662852353182059,-0.0362343762451496,-0.010288502236078106,-0.017921186093686137
Both,+10%,0.1,KENSINGTON AND CHELSEA,-0.016304068234774885,-0.034656131683334944,-0.009676100038340952,6.938893903907228e-18
Both,+10%,0.1,KINGSTON UPON THAMES,-0.032871468600683705,-0.018987733054071514,-0.009245548190920716,-0.028124163466575834
Both,+10%,0.1,LAMBETH,-0.028904789893773757,-0.02695964896978245,-0.012484906798506938,-0.02071615707331481
Both,+10%,0.1,LEWISHAM,-0.012990174799064355,0.006320294369804709,-0.010826357580078591,-0.00334523956872185
Both,+10%,0.1,MERTON,-0.03117021153016906,-0.010236453308467435,-0.010084380772902739,-0.022425862923561163
Both,+10%,0.1,NEWHAM,0.015172244499919876,0.018660277391081097,-0.010916667467712757,-0.006745380382886624
Both,+10%,0.1,REDBRIDGE,-0.0018738568684280896,0.02097695650198812,-0.010511425530667863,-0.0006174938501942451
Both,+10%,0.1,RICHMOND UPON THAMES,-0.005537552271081695,-0.030386971929483475,-0.011080530072779905,-0.00034301464465462395
Both,+10%,0.1,SOUTHWARK,0.008538885410912125,-0.02227515635594227,-0.01182074988060954,-0.015511533637475157
Both,+10%,0.1,SUTTON,0.028321082352166828,0.024406566023047457,-0.009053404344214706,-0.003310931492432327
Both,+10%,0.1,TOWER HAMLETS,-0.046897855826755916,-0.029758371567420772,-0.01181948601228136,-0.02233205476416615
Both,+10%,0.1,WALTHAM FOREST,0.009826624120112001,0.02035071215755321,-0.010498287954054034,-0.0005533578071467704
Both,+10%,0.1,WANDSWORTH,-0.02492490065671019,-0.03469403216532435,-0.013684523356167051,-0.010400132079402727
